CCTV女性时尚,http://39.152.103.17:8089/tsfile/live/1068_1.m3u8?key=txiptv&playlive=1&down=1
安多卫视,https://liveout.xntv.tv/a65jur/90p2i1.m3u8?zqinghd
安多卫视,https://liveout.xntv.tv/a65jur/96iln2.m3u8
安多卫视,https://liveout.xntv.tv/a65jur/90p2i1.m3u8?zqing
大湾区卫视,http://tvbox6.icu/tv/migu.php?id=dwqws$LR•IPV4『线路12』
大湾区卫视,http://222.128.55.152:9080/live/dwq.m3u8
东方卫视4K,http://bp-resource-dfl.bestv.cn/148/3/video.m3u8
东方卫视4K,https://bp-resource-dfl.bestv.cn/148/3/video.m3u8
东森亚洲卫视,https://p2hs.vzan.com/slowlive/821481626725612419/live.m3u8
东森亚洲卫视,https://pull-hsbj.vzan.com/v/slowlive_821481626725612419.flv
海峡卫视,http://hlsbkmgsplive.miguvideo.com/migu/kailu/haixiaws/57/20230724/01.m3u8?msisdn=&Channel_ID=&ContentId=&HlsSubType=&HlsProfileId=&encrypt=
海峡卫视,http://8.138.7.223/tv/hxws.m3u8
延边卫视,http://l.cztvcloud.com/channels/lantian/SXxinchang2/720p.m3u8#
延边卫视,http://l.cztvcloud.com/channels/lantian/SXxinchang2/720p.m3u8
农林卫视,https://migu.188766.xyz/?migutoken=b30d111cb1949ba27d8adc029e22b764&id=%E4%B8%AD%E5%9B%BD%E5%86%9C%E6%9E%97%E5%8D%AB%E8%A7%86&type=yy
兵团卫视,https://migu.188766.xyz/?migutoken=a30c3a7d0e33e403ebf88caf1f7be5e9&id=%E5%85%B5%E5%9B%A2%E5%8D%AB%E8%A7%86&type=yy
大湾区卫视,https://migu.188766.xyz/?migutoken=6d6f3724c8dd08f1956dbfe524d4c2d0&id=%E5%A4%A7%E6%B9%BE%E5%8C%BA%E5%8D%AB%E8%A7%86&type=yy
大湾区卫视,https://migu.188766.xyz/?migutoken=81d06edbda25811f07fc2923a024fddf&id=%E5%A4%A7%E6%B9%BE%E5%8C%BA%E5%8D%AB%E8%A7%86&type=yy
湖南都市,http://tvgslb.hn.chinamobile.com:8089/180000001002/00000001000000000099000000195952/main.m3u8?stbid=
湖南经视,http://tvgslb.hn.chinamobile.com:8089/180000001002/00000001000000000099000000194900/main.m3u8?stbid=
湖南电视剧,http://tvgslb.hn.chinamobile.com:8089/180000001002/00000001000000000099000000196987/main.m3u8?stbid=
湖南电影,http://tvgslb.hn.chinamobile.com:8089/180000001002/00000001000000000099000000197673/main.m3u8?stbid=
湖南娱乐,http://tvgslb.hn.chinamobile.com:8089/180000001002/00000001000000000099000000197674/main.m3u8?stbid=
金鹰纪实,http://tvgslb.hn.chinamobile.com:8089/180000001002/00000001000000000099000000197675/main.m3u8?stbid=
湖南爱晚,http://tvgslb.hn.chinamobile.com:8089/180000001002/00000001000000000099000000197676/main.m3u8?stbid=
湖南国际,http://tvgslb.hn.chinamobile.com:8089/180000001002/00000001000000000099000000197677/main.m3u8?stbid=
金鹰卡通,http://tvgslb.hn.chinamobile.com:8089/180000001002/00000001000000000099000000197678/main.m3u8?stbid=
湖南教育,http://tvgslb.hn.chinamobile.com:8089/180000001002/00000001000000000023000000196697/main.m3u8?stbid=
茶频道,http://tvgslb.hn.chinamobile.com:8089/180000001002/00000001000000000025000000316196/main.m3u8?stbid=
深圳都市,http://rfx2018.55555.io:2345/udp/239.77.1.176:5146
深圳财经生活,http://rfx2018.55555.io:2345/udp/239.77.1.242:5146
深圳少儿,http://rfx2018.55555.io:2345/udp/239.77.1.244:5146
深圳宝安,http://rfx2018.55555.io:2345/udp/239.77.1.67:5146
深圳龙岗,http://rfx2018.55555.io:2345/udp/239.77.1.223:5146
深圳都市,http://sub.mtoo.vip:8333/udp/239.77.1.176:5146
深圳财经生活,http://sub.mtoo.vip:8333/udp/239.77.1.242:5146
深圳少儿,http://sub.mtoo.vip:8333/udp/239.77.1.244:5146
深圳都市,http://ha.m-too.top:8333/udp/239.77.1.176:5146
深圳财经生活,http://ha.m-too.top:8333/udp/239.77.1.242:5146
深圳少儿,http://ha.m-too.top:8333/udp/239.77.1.244:5146
凤凰中文,http://43.152.143.193:80/1.v.smtcdns.net/tvlive.fengshows.cn/live/0701pcc72.flv
凤凰资讯,http://43.152.143.193:80/1.v.smtcdns.net/tvlive.fengshows.cn/live/0701pin72.flv
凤凰香港,http://43.152.143.193:80/1.v.smtcdns.net/tvlive.fengshows.cn/live/0701phk72.flv
凤凰中文,https://migu.188766.xyz/?migutoken=dafea9a89f8759bcd04edfafc63b435d&id=fhzw&pp=1
凤凰中文,https://migu.188766.xyz/?migutoken=bf161ac290d85d4778ebc36e83daeb42&id=phoenixtv_hd&type=dy
凤凰资讯,https://migu.188766.xyz/?migutoken=9b308c31f6f659e7ee7bc6bb4b3cfff9&id=fhzx&pp=1
凤凰资讯,https://migu.188766.xyz/?migutoken=5a850debc67f6090a63d625e8a4b9764&id=phoenixinfo_hd&type=dy
凤凰香港,https://migu.188766.xyz/?migutoken=407dc0f7365332e4297cc4be4e80ab8b&id=fhhk&pp=1
凤凰香港,https://migu.188766.xyz/?migutoken=8ea86101844c05d6675be46a790325aa&id=hkphoenix_twn&type=dy
凤凰中文,https://mgev.188766.xyz/?migutoken=3267cd6151f58a4919b93c0e63f69337&id=fhzw&pp=1
凤凰中文,https://migu.188766.xyz/?migutoken=866341f35ab82e48dea654d12b6e5881&id=hk_fhzw&type=dy
凤凰资讯,https://mgev.188766.xyz/?migutoken=85fccb710060e734ed36c45940532bff&id=fhzx&pp=1
凤凰资讯,https://migu.188766.xyz/?migutoken=902dd46104f7da4e91108d392b281213&id=hk_fhzx&type=dy
凤凰香港,https://mgev.188766.xyz/?migutoken=0c151f885334200f0142117a9e167f8c&id=fhhk&pp=1
凤凰香港,https://migu.188766.xyz/?migutoken=d88da94088e229852fad7e3b27e37c04&id=hk_fhhk&type=dy
翡翠台,https://migu.188766.xyz/?migutoken=6ff40ca6e9a458a448fdb09a33919405&id=%E7%BF%A1%E7%BF%A0%E5%8F%B0&pp=1
翡翠台,https://migu.188766.xyz/?migutoken=af18bef2634b43fa854485eefdd5a91d&id=jade_twn&type=dy
无线新闻,https://migu.188766.xyz/?migutoken=38eea02778765b91accfcc9b762c37a5&id=inews_twn&type=dy
明珠台,https://migu.188766.xyz/?migutoken=2cd4c549faf4bb0b9d50f4547a25aa13&id=pearl_twn&type=dy
翡翠台,https://migu.188766.xyz/?migutoken=04145df78ef83eef5b830ef166351e04&id=hk_fct&type=dy
翡翠台4K,https://migu.188766.xyz/?migutoken=f5d3ddc45a607cb46f85565d6002e6fe&id=hk_fct4k&type=dy
无线新闻,https://migu.188766.xyz/?migutoken=6d40ea4a8dd9f18c5bfbddaf30a8e3b9&id=hk_wxxw&type=dy
Now新闻台,https://migu.188766.xyz/?migutoken=c279dda66e730c35558e092884fdb1dc&id=hk_now&type=dy
TVB Plus,https://migu.188766.xyz/?migutoken=16d671d8ea4bb37c1ccc5450cfce72d2&id=hk_tvbp&type=dy
明珠台,https://migu.188766.xyz/?migutoken=bc0f802ab684ad9377fe77a79c51de79&id=hk_mzt&type=dy
TVB星河,https://migu.188766.xyz/?migutoken=fa5509d3453723e42e49f4187e199f7c&id=hk_tvbxh&type=dy
TVB功夫,https://migu.188766.xyz/?migutoken=8a398d2b6b543d4e99df237897cfd4bf&id=hk_yzwx&type=dy
八度空间,https://migu.188766.xyz/?migutoken=dabecf5b3f67ce286f4c60ac66b74f89&id=hk_8tv&type=dy
CHU,https://migu.188766.xyz/?migutoken=6e8e543491f6cced998cf2447e869807&id=hk_chu&type=dy
CH5,https://migu.188766.xyz/?migutoken=743ae3a1579b552141abb1ec825c5f86&id=hk_ch5&type=dy
CH8,https://migu.188766.xyz/?migutoken=b4beafba7f583f9f6bf135f83cabfb39&id=hk_ch8&type=dy
澳视澳门,https://migu.188766.xyz/?migutoken=ce19ac7ba26536bfb8a71fa37e934d32&id=hk_asam&type=dy
HOY77,https://migu.188766.xyz/?migutoken=9cd32ab08eaf1f9ab6155d8342a6c0b3&id=hk_hoy&type=dy
中天新闻,https://smt.858.qzz.io/Smart.php?id=ctinews
中视新闻,https://smt.858.qzz.io/Smart.php?id=zhongshinews_twn
东森新闻,https://smt.858.qzz.io/Smart.php?id=ettvnews
三立综合,https://smt.858.qzz.io/Smart.php?id=sanlizhonghe
台视新闻,https://smt.858.qzz.io/Smart.php?id=ttvnews_twn
民视新闻,https://smt.858.qzz.io/Smart.php?id=ftvnew_taiwan
寰宇新闻,https://smt.858.qzz.io/Smart.php?id=huanyuxinwen_twn
非凡新闻,https://smt.858.qzz.io/Smart.php?id=feifannews_twn
年代新闻,https://smt.858.qzz.io/Smart.php?id=niandainews_twn
TVBS新闻,https://smt.858.qzz.io/Smart.php?id=tvbs_n
中天亚洲,https://smt.858.qzz.io/Smart.php?id=ctiasia_twn
AXN电影,https://smt.858.qzz.io/Smart.php?id=axn_twn
AstroMTV,https://smt.858.qzz.io/Smart.php?id=AstroMTV
EYE-旅游,https://smt.858.qzz.io/Smart.php?id=eyetvtravel_twn
EYE-戏剧,https://smt.858.qzz.io/Smart.php?id=eyetvxiju_twn
HitsMovie,https://smt.858.qzz.io/Smart.php?id=Hitsmovie
StarMovies,https://smt.858.qzz.io/Smart.php?id=starmovies_raj
StarmaaMovies,https://smt.858.qzz.io/Smart.php?id=starmaamovies_raj
TVBAsia,https://smt.858.qzz.io/Smart.php?id=Tvbasia
八大第一,https://smt.858.qzz.io/Smart.php?id=badafirst
八大戏剧,https://smt.858.qzz.io/Smart.php?id=badadrama
八大娱乐,https://smt.858.qzz.io/Smart.php?id=badaentertain
八大综合,https://smt.858.qzz.io/Smart.php?id=badazhonghe
大爱贰台,https://smt.858.qzz.io/Smart.php?id=daai2_twn
大爱壹台,https://smt.858.qzz.io/Smart.php?id=daai_twn
东森财经,https://smt.858.qzz.io/Smart.php?id=ettvcaijing_twn
东森电影,https://smt.858.qzz.io/Smart.php?id=ettvmovie
东森戏剧,https://smt.858.qzz.io/Smart.php?id=ettvdrama
东森洋片,https://smt.858.qzz.io/Smart.php?id=ettvwestern
东森幼幼,https://smt.858.qzz.io/Smart.php?id=yoyo_twn
东森综合,https://smt.858.qzz.io/Smart.php?id=ettvzhonghe
公视台语,https://smt.858.qzz.io/Smart.php?id=ctv2_twn
华视闽南,https://smt.858.qzz.io/Smart.php?id=ctshd_twn
寰宇财经,https://smt.858.qzz.io/Smart.php?id=huanyutaiwan_twn
龙祥电影,https://smt.858.qzz.io/Smart.php?id=lungxiangtime_twn
美亚电影,https://smt.858.qzz.io/Smart.php?id=meiyamovie_twn
民视第一,https://smt.858.qzz.io/Smart.php?id=lunghuajingdian_twn
民视闽南,https://smt.858.qzz.io/Smart.php?id=ftvhd_taiwan
三立闽南,https://smt.858.qzz.io/Smart.php?id=sanlitaiwan
三立戏剧,https://smt.858.qzz.io/Smart.php?id=sanlixiju_twn
三立综合,https://smt.858.qzz.io/Smart.php?id=sanlizhonghe
探索亚洲,https://smt.858.qzz.io/Smart.php?id=discoverytwn_twn
天映国特,https://smt.858.qzz.io/Smart.php?id=Celestial
天映经典,https://smt.858.qzz.io/Smart.php?id=Celestial2
天映闽特,https://smt.858.qzz.io/Smart.php?id=Celestialindo
天映粤特,https://smt.858.qzz.io/Smart.php?id=ctv18_twn
tvNMovie,https://smt.858.qzz.io/Smart.php?id=Tvnmovie
纬来电影,https://smt.858.qzz.io/Smart.php?id=videolandmovie
纬来日本,https://smt.858.qzz.io/Smart.php?id=videolandjapan
纬来体育,https://smt.858.qzz.io/Smart.php?id=videolandsport
纬来综合,https://smt.858.qzz.io/Smart.php?id=videolandzonghe
无线翡翠,https://smt.858.qzz.io/Smart.php?id=Tvbjade
无线翡翠,https://smt.858.qzz.io/Smart.php?id=jade_twn
无线娱乐,https://smt.858.qzz.io/Smart.php?id=Tvbentertainment
亚洲旅游,https://smt.858.qzz.io/Smart.php?id=asiatravel_twn
有线新闻,https://smt.858.qzz.io/Smart.php?id=hoycaijing_twn
中视经典,https://smt.858.qzz.io/Smart.php?id=zhongshi_twn
中视闽南,https://smt.858.qzz.io/Smart.php?id=zhongshihd_twn
中天娱乐,https://smt.858.qzz.io/Smart.php?id=ctient
中天综合,https://smt.858.qzz.io/Smart.php?id=ctizhonghe
凤凰中文,http://218.104.239.114:9901/tsfile/live/1013_1.m3u8
凤凰中文,http://cdn6.163189.xyz/163189/fhzw $6163189
凤凰中文,http://cdn6.163189.xyz/163189/fhzw$cdn6163189
凤凰资讯,http://cdn6.163189.xyz/163189/fhzx $6163189
凤凰资讯,http://cdn6.163189.xyz/163189/fhzx$cdn6163189
凤凰香港,http://cdn6.163189.xyz/163189/fhhk $6163189
凤凰香港,http://cdn6.163189.xyz/163189/fhhk$cdn6163189
无线新闻,http://stream-ali1.csslcloud.net:80/live/hktv-09ali23.flv
中视新闻,http://220.135.64.124:5050/4gtv-4gtv074/index.m3u8?proxy=true
中视新闻,http://stream-ali1.csslcloud.net/live/hNsy4N2Ykbfd2ywCSlOqFQ1aSenAhZLYUenP1IoaAltR3IXYOp.flv
中视新闻,http://220.135.64.124:5050/of-4gtv-4gtv074/index.m3u8?proxy=true
中视新闻,http://220.135.64.124:5050/li-4gtv-4gtv074/index.m3u8?proxy=true
中天新闻,http://220.135.64.124:5050/4gtv-4gtv009/index.m3u8?proxy=true
中天新闻,http://stream-ali1.csslcloud.net/live/ogVoQHdbfd2ydsH4o82zYFquhPEy4XWeWisjW2fHs4Oew26P63.flv
中天新闻,http://xtvantsc.xyz/litv_ts.php?id=4gtv-4gtv009
中天新闻,http://220.135.64.124:5050/of-4gtv-4gtv009/index.m3u8?proxy=true
中天新闻,http://jnzq.ohoyee.com:9080/live/fc.m3u8
中天新闻,http://220.135.64.124:5050/li-4gtv-4gtv009/index.m3u8?proxy=true
中天亚洲,http://xtvantsc.xyz/litv_ts.php?id=4gtv-4gtv109
东森新闻,http://stream-ali1.csslcloud.net/live/IfhEdN30gjBbSbfd2ySSKGFHHl6JFBwhgtYpQxoGIKytCfl1hl.flv
东森新闻,http://xtvantsc.xyz/litv_ts.php?id=4gtv-4gtv152
东森新闻,http://breezy-audrie-zspace-7524863c.koyeb.app/vipsir?token=leifeng&id=4gtv-4gtv152
东森新闻,http://xtvantsc.xyz/Smart.php?id=ettvnews
华视新闻,http://xtvantsc.xyz/litv_ts.php?id=4gtv-4gtv052
华视新闻,http://220.135.64.124:5050/4gtv-4gtv052/index.m3u8?proxy=true
华视新闻,http://220.135.64.124:5050/li-4gtv-4gtv052/index.m3u8?proxy=true
台视新闻,http://220.135.64.124:5050/li-4gtv-4gtv051/index.m3u8?proxy=true
台视新闻,http://xtvantsc.xyz/litv_ts.php?id=4gtv-4gtv051
台视新闻,http://breezy-audrie-zspace-7524863c.koyeb.app/vipsir?token=leifeng&id=4gtv-4gtv051
台视新闻,http://stream-ali1.csslcloud.net/live/ofFqVir8hEYxZDb6y677FJxn0xrbfd2yPfOT6XuHngNXajvBUY.flv
民视新闻,http://220.135.64.124:5050/litv-ftv13/index.m3u8?proxy=true
民视新闻,http://stream-ali1.csslcloud.net/live/5CkUiYhpTaUWibfd2yVPulg2rBioJ6XgbbmxF2hWNQyygV2U12.flv
民视新闻,http://xtvantsc.xyz/litv_ts.php?id=litv-ftv13
民视新闻,http://220.135.64.124:5050/li-litv-ftv13/index.m3u8?proxy=true
非凡新闻,http://breezy-audrie-zspace-7524863c.koyeb.app/vipsir?token=leifeng&id=4gtv-4gtv010
非凡新闻,http://xtvantsc.xyz/litv_ts.php?id=4gtv-4gtv010
非凡新闻,http://stream-ali1.csslcloud.net/live/7J22AJV6h8f24jkmoa5ahSzuCYjE5fVpCYYMEt9bfd2yHn4XG7.flv
寰宇新闻,http://220.135.64.124:5050/of-litv-longturn14/index.m3u8?proxy=true
寰宇新闻,http://breezy-audrie-zspace-7524863c.koyeb.app/vipsir?token=leifeng&id=litv-longturn14
寰宇新闻,http://222.128.55.152:9080/live/hy.m3u8
寰宇新闻,http://stream-ali1.csslcloud.net/live/3cDvCNnbfd2yBiEhqihpaWdiHXNv7HnTEMRGcac8hxFeC1F9j6.flv
寰宇新闻,http://220.135.64.124:5050/litv-longturn14/index.m3u8?proxy=true
寰宇新闻,http://220.135.64.124:5050/li-litv-longturn14/index.m3u8?proxy=true
民视台湾,http://breezy-audrie-zspace-7524863c.koyeb.app/vipsir?token=leifeng&id=4gtv-4gtv001
民视台湾,http://xtvantsc.xyz/litv_ts.php?id=4gtv-4gtv001
中视,http://220.135.64.124:5050/4gtv-4gtv040/index.m3u8?proxy=true
中视,http://220.135.64.124:5050/of-4gtv-4gtv040/index.m3u8?proxy=true
中视,http://220.135.64.124:5050/li-4gtv-4gtv040/index.m3u8?proxy=true
台视,http://220.135.64.124:5050/li-4gtv-4gtv066/index.m3u8?proxy=true
华视,http://220.135.64.124:5050/li-4gtv-4gtv041/index.m3u8?proxy=true
华视,http://220.135.64.124:5050/4gtv-4gtv041/index.m3u8?proxy=true
华视,http://220.135.64.124:5050/of-4gtv-4gtv041/index.m3u8?proxy=true
民视,http://stream-ali1.csslcloud.net/live/ERadomiHh4srbiVLuQH0M1KoLqTYrGUZBRAAxPowEwb8JN2Yf0.flv
民视,http://xtvantsc.xyz/litv_ts.php?id=4gtv-4gtv155
民视,http://breezy-audrie-zspace-7524863c.koyeb.app/vipsir?token=leifeng&id=4gtv-4gtv155
民视,http://breezy-audrie-zspace-7524863c.koyeb.app/vipsir?token=leifeng&id=4gtv-4gtv002
民视,http://xtvantsc.xyz/litv_ts.php?id=4gtv-4gtv002
BBC,https://vs-hls-push-ww-live.akamaized.net/x=4/i=urn:bbc:pips:service:bbc_news_channel_hd/t=3840/v=pv14/b=5070016/main.m3u8
FOX News,https://fox-foxnewsnow-samsungus.amagi.tv/playlist.m3u8
FOX News,https://fox-foxnewsnow-samsungus.amagi.tv/playlist720p.m3u8
Fox Weather,https://247wlive.foxweather.com/stream/index_1280x720.m3u8
RT News,https://rt-glb.rttv.com/dvr/rtnews/playlist_4500Kb.m3u8
CNA,https://d2e1asnsl7br7b.cloudfront.net/7782e205e72f43aeb4a48ec97f66ebbe/index_4.m3u8?zshijd
CNA,http://d2e1asnsl7br7b.cloudfront.net/7782e205e72f43aeb4a48ec97f66ebbe/index_4.m3u8
CNA,http://d2e1asnsl7br7b.cloudfront.net/7782e205e72f43aeb4a48ec97f66ebbe/index_5.m3u8
CNA,https://d2e1asnsl7br7b.cloudfront.net/7782e205e72f43aeb4a48ec97f66ebbe/index_4.m3u8
半岛新闻「阿拉伯」,http://live-hls-web-aja.getaj.net/AJA/02.m3u8
半岛新闻「阿拉伯」,http://live-hls-web-aja.getaj.net/AJA/02.m3u8
半岛新闻「阿拉伯」,http://live-hls-web-aja.getaj.net/AJA/02.m3u8
半岛新闻「阿拉伯」,http://live-hls-web-aja.getaj.net/AJA/02.m3u8
Arirang,https://amdlive-ch01-ctnd-com.akamaized.net/arirang_1ch/smil:arirang_1ch.smil/chunklist_b3256000_sleng.m3u8
RT Documentary,https://rt-rtd.rttv.com/live/rtdoc/playlist_4500Kb.m3u8
Wild Earth,https://wildearth-plex.amagi.tv/masterR1080p.m3u8
阿里郎电视,http://amdlive-ch01.ctnd.com.edgesuite.net:80/arirang_1ch/smil:arirang_1ch.smil/chunklist_b2256000_sleng.m3u8
咪咕直播 1,http://gslbserv.itv.cmvideo.cn:80/3000000001000005308/index.m3u8?channel-id=FifastbLive&Contentid=3000000001000005308&livemode=1&stbId=BingCha
咪咕直播 2,http://gslbserv.itv.cmvideo.cn:80/3000000001000005969/index.m3u8?channel-id=FifastbLive&Contentid=3000000001000005969&livemode=1&stbId=BingCha
咪咕直播 3,http://gslbserv.itv.cmvideo.cn:80/3000000001000007218/index.m3u8?channel-id=FifastbLive&Contentid=3000000001000007218&livemode=1&stbId=BingCha
咪咕直播 4,http://gslbserv.itv.cmvideo.cn:80/3000000001000008001/index.m3u8?channel-id=FifastbLive&Contentid=3000000001000008001&livemode=1&stbId=BingCha
咪咕直播 5,http://gslbserv.itv.cmvideo.cn:80/3000000001000008176/index.m3u8?channel-id=FifastbLive&Contentid=3000000001000008176&livemode=1&stbId=BingCha
咪咕直播 6,http://gslbserv.itv.cmvideo.cn:80/3000000001000008379/index.m3u8?channel-id=FifastbLive&Contentid=3000000001000008379&livemode=1&stbId=BingCha
咪咕直播 7,http://gslbserv.itv.cmvideo.cn:80/3000000001000010129/index.m3u8?channel-id=FifastbLive&Contentid=3000000001000010129&livemode=1&stbId=BingCha
咪咕直播 8,http://gslbserv.itv.cmvideo.cn:80/3000000001000010948/index.m3u8?channel-id=FifastbLive&Contentid=3000000001000010948&livemode=1&stbId=BingCha
咪咕直播 9,http://gslbserv.itv.cmvideo.cn:80/3000000001000028638/index.m3u8?channel-id=FifastbLive&Contentid=3000000001000028638&livemode=1&stbId=BingCha
咪咕直播 10,http://gslbserv.itv.cmvideo.cn:80/3000000001000031494/index.m3u8?channel-id=FifastbLive&Contentid=3000000001000031494&livemode=1&stbId=BingCha
咪咕直播 11,http://gslbserv.itv.cmvideo.cn:80/3000000010000000097/index.m3u8?channel-id=FifastbLive&Contentid=3000000010000000097&livemode=1&stbId=BingCha
咪咕直播 12,http://gslbserv.itv.cmvideo.cn:80/3000000010000002019/index.m3u8?channel-id=FifastbLive&Contentid=3000000010000002019&livemode=1&stbId=BingCha
咪咕直播 13,http://gslbserv.itv.cmvideo.cn:80/3000000010000002809/index.m3u8?channel-id=FifastbLive&Contentid=3000000010000002809&livemode=1&stbId=BingCha
咪咕直播 14,http://gslbserv.itv.cmvideo.cn:80/3000000010000003915/index.m3u8?channel-id=FifastbLive&Contentid=3000000010000003915&livemode=1&stbId=BingCha
咪咕直播 15,http://gslbserv.itv.cmvideo.cn:80/3000000010000004193/index.m3u8?channel-id=FifastbLive&Contentid=3000000010000004193&livemode=1&stbId=BingCha
咪咕直播 16,http://gslbserv.itv.cmvideo.cn:80/3000000010000005837/index.m3u8?channel-id=FifastbLive&Contentid=3000000010000005837&livemode=1&stbId=BingCha
咪咕直播 17,http://gslbserv.itv.cmvideo.cn:80/3000000010000006077/index.m3u8?channel-id=FifastbLive&Contentid=3000000010000006077&livemode=1&stbId=BingCha
咪咕直播 18,http://gslbserv.itv.cmvideo.cn:80/3000000010000006658/index.m3u8?channel-id=FifastbLive&Contentid=3000000010000006658&livemode=1&stbId=BingCha
咪咕直播 19,http://gslbserv.itv.cmvideo.cn:80/3000000010000009788/index.m3u8?channel-id=FifastbLive&Contentid=3000000010000009788&livemode=1&stbId=BingCha
咪咕直播 20,http://gslbserv.itv.cmvideo.cn:80/3000000010000010833/index.m3u8?channel-id=FifastbLive&Contentid=3000000010000010833&livemode=1&stbId=BingCha
咪咕直播 21,http://gslbserv.itv.cmvideo.cn:80/3000000010000011297/index.m3u8?channel-id=FifastbLive&Contentid=3000000010000011297&livemode=1&stbId=BingCha
咪咕直播 22,http://gslbserv.itv.cmvideo.cn:80/3000000010000011518/index.m3u8?channel-id=FifastbLive&Contentid=3000000010000011518&livemode=1&stbId=BingCha
咪咕直播 23,http://gslbserv.itv.cmvideo.cn:80/3000000010000012558/index.m3u8?channel-id=FifastbLive&Contentid=3000000010000012558&livemode=1&stbId=BingCha
咪咕直播 24,http://gslbserv.itv.cmvideo.cn:80/3000000010000012616/index.m3u8?channel-id=FifastbLive&Contentid=3000000010000012616&livemode=1&stbId=BingCha
咪咕直播 25,http://gslbserv.itv.cmvideo.cn:80/3000000010000015470/index.m3u8?channel-id=FifastbLive&Contentid=3000000010000015470&livemode=1&stbId=BingCha
咪咕直播 26,http://gslbserv.itv.cmvideo.cn:80/3000000010000015560/index.m3u8?channel-id=FifastbLive&Contentid=3000000010000015560&livemode=1&stbId=BingCha
咪咕直播 27,http://gslbserv.itv.cmvideo.cn:80/3000000010000017678/index.m3u8?channel-id=FifastbLive&Contentid=3000000010000017678&livemode=1&stbId=BingCha
咪咕直播 28,http://gslbserv.itv.cmvideo.cn:80/3000000010000019839/index.m3u8?channel-id=FifastbLive&Contentid=3000000010000019839&livemode=1&stbId=BingCha
咪咕直播 29,http://gslbserv.itv.cmvideo.cn:80/3000000010000021904/index.m3u8?channel-id=FifastbLive&Contentid=3000000010000021904&livemode=1&stbId=BingCha
咪咕直播 30,http://gslbserv.itv.cmvideo.cn:80/3000000010000023434/index.m3u8?channel-id=FifastbLive&Contentid=3000000010000023434&livemode=1&stbId=BingCha
咪咕直播 31,http://gslbserv.itv.cmvideo.cn:80/3000000010000025380/index.m3u8?channel-id=FifastbLive&Contentid=3000000010000025380&livemode=1&stbId=BingCha
咪咕直播 32,http://gslbserv.itv.cmvideo.cn:80/3000000010000027691/index.m3u8?channel-id=FifastbLive&Contentid=3000000010000027691&livemode=1&stbId=BingCha
咪咕直播 33,http://gslbserv.itv.cmvideo.cn:80/3000000010000031669/index.m3u8?channel-id=FifastbLive&Contentid=3000000010000031669&livemode=1&stbId=BingCha
咪咕直播 34,http://gslbserv.itv.cmvideo.cn:80/3000000020000011518/index.m3u8?channel-id=FifastbLive&Contentid=3000000020000011518&livemode=1&stbId=BingCha
咪咕直播 35,http://gslbserv.itv.cmvideo.cn:80/3000000020000011519/index.m3u8?channel-id=FifastbLive&Contentid=3000000020000011519&livemode=1&stbId=BingCha
咪咕直播 36,http://gslbserv.itv.cmvideo.cn:80/3000000020000011520/index.m3u8?channel-id=FifastbLive&Contentid=3000000020000011520&livemode=1&stbId=BingCha
咪咕直播 37,http://gslbserv.itv.cmvideo.cn:80/3000000020000011521/index.m3u8?channel-id=FifastbLive&Contentid=3000000020000011521&livemode=1&stbId=BingCha
咪咕直播 38,http://gslbserv.itv.cmvideo.cn:80/3000000020000011522/index.m3u8?channel-id=FifastbLive&Contentid=3000000020000011522&livemode=1&stbId=BingCha
睛彩竞技,http://gslbserv.itv.cmvideo.cn:80/3000000020000011528/index.m3u8?channel-id=FifastbLive&Contentid=3000000020000011528&livemode=1&stbId=BingCha
睛彩篮球,http://gslbserv.itv.cmvideo.cn:80/3000000020000011529/index.m3u8?channel-id=FifastbLive&Contentid=3000000020000011529&livemode=1&stbId=BingCha
睛彩青少,http://gslbserv.itv.cmvideo.cn:80/3000000020000011525/index.m3u8?channel-id=FifastbLive&Contentid=3000000020000011525&livemode=1&stbId=BingCha
睛彩广场舞,http://gslbserv.itv.cmvideo.cn:80/3000000020000011523/index.m3u8?channel-id=FifastbLive&Contentid=3000000020000011523&livemode=1&stbId=BingCha
咪咕直播4K-1,http://gslbserv.itv.cmvideo.cn:80/3000000010000005180/index.m3u8?channel-id=FifastbLive&Contentid=3000000010000005180&livemode=1&stbId=BingCha
咪咕直播4K-2,http://gslbserv.itv.cmvideo.cn:80/3000000010000015686/index.m3u8?channel-id=FifastbLive&Contentid=3000000010000015686&livemode=1&stbId=BingCha
咪咕直播 1,http://gslbserv.itv.cmvideo.cn:80/3000000001000005308/index.m3u8?channel-id=FifastbLive&Contentid=3000000001000005308&livemode=1&stbId=YanG-1989
咪咕直播 2,http://gslbserv.itv.cmvideo.cn:80/3000000001000005969/index.m3u8?channel-id=FifastbLive&Contentid=3000000001000005969&livemode=1&stbId=YanG-1989
咪咕直播 3,http://gslbserv.itv.cmvideo.cn:80/3000000001000007218/index.m3u8?channel-id=FifastbLive&Contentid=3000000001000007218&livemode=1&stbId=YanG-1989
咪咕直播 4,http://gslbserv.itv.cmvideo.cn:80/3000000001000008001/index.m3u8?channel-id=FifastbLive&Contentid=3000000001000008001&livemode=1&stbId=YanG-1989
咪咕直播 5,http://gslbserv.itv.cmvideo.cn:80/3000000001000008176/index.m3u8?channel-id=FifastbLive&Contentid=3000000001000008176&livemode=1&stbId=YanG-1989
咪咕直播 6,http://gslbserv.itv.cmvideo.cn:80/3000000001000008379/index.m3u8?channel-id=FifastbLive&Contentid=3000000001000008379&livemode=1&stbId=YanG-1989
咪咕直播 7,http://gslbserv.itv.cmvideo.cn:80/3000000001000010129/index.m3u8?channel-id=FifastbLive&Contentid=3000000001000010129&livemode=1&stbId=YanG-1989
咪咕直播 8,http://gslbserv.itv.cmvideo.cn:80/3000000001000010948/index.m3u8?channel-id=FifastbLive&Contentid=3000000001000010948&livemode=1&stbId=YanG-1989
咪咕直播 9,http://gslbserv.itv.cmvideo.cn:80/3000000001000028638/index.m3u8?channel-id=FifastbLive&Contentid=3000000001000028638&livemode=1&stbId=YanG-1989
咪咕直播 10,http://gslbserv.itv.cmvideo.cn:80/3000000001000031494/index.m3u8?channel-id=FifastbLive&Contentid=3000000001000031494&livemode=1&stbId=YanG-1989
咪咕直播 11,http://gslbserv.itv.cmvideo.cn:80/3000000010000000097/index.m3u8?channel-id=FifastbLive&Contentid=3000000010000000097&livemode=1&stbId=YanG-1989
咪咕直播 12,http://gslbserv.itv.cmvideo.cn:80/3000000010000002019/index.m3u8?channel-id=FifastbLive&Contentid=3000000010000002019&livemode=1&stbId=YanG-1989
咪咕直播 13,http://gslbserv.itv.cmvideo.cn:80/3000000010000002809/index.m3u8?channel-id=FifastbLive&Contentid=3000000010000002809&livemode=1&stbId=YanG-1989
咪咕直播 14,http://gslbserv.itv.cmvideo.cn:80/3000000010000003915/index.m3u8?channel-id=FifastbLive&Contentid=3000000010000003915&livemode=1&stbId=YanG-1989
咪咕直播 15,http://gslbserv.itv.cmvideo.cn:80/3000000010000004193/index.m3u8?channel-id=FifastbLive&Contentid=3000000010000004193&livemode=1&stbId=YanG-1989
咪咕直播 16,http://gslbserv.itv.cmvideo.cn:80/3000000010000005837/index.m3u8?channel-id=FifastbLive&Contentid=3000000010000005837&livemode=1&stbId=YanG-1989
咪咕直播 17,http://gslbserv.itv.cmvideo.cn:80/3000000010000006077/index.m3u8?channel-id=FifastbLive&Contentid=3000000010000006077&livemode=1&stbId=YanG-1989
咪咕直播 18,http://gslbserv.itv.cmvideo.cn:80/3000000010000006658/index.m3u8?channel-id=FifastbLive&Contentid=3000000010000006658&livemode=1&stbId=YanG-1989
咪咕直播 19,http://gslbserv.itv.cmvideo.cn:80/3000000010000009788/index.m3u8?channel-id=FifastbLive&Contentid=3000000010000009788&livemode=1&stbId=YanG-1989
咪咕直播 20,http://gslbserv.itv.cmvideo.cn:80/3000000010000010833/index.m3u8?channel-id=FifastbLive&Contentid=3000000010000010833&livemode=1&stbId=YanG-1989
咪咕直播 21,http://gslbserv.itv.cmvideo.cn:80/3000000010000011297/index.m3u8?channel-id=FifastbLive&Contentid=3000000010000011297&livemode=1&stbId=YanG-1989
咪咕直播 22,http://gslbserv.itv.cmvideo.cn:80/3000000010000011518/index.m3u8?channel-id=FifastbLive&Contentid=3000000010000011518&livemode=1&stbId=YanG-1989
咪咕直播 23,http://gslbserv.itv.cmvideo.cn:80/3000000010000012558/index.m3u8?channel-id=FifastbLive&Contentid=3000000010000012558&livemode=1&stbId=YanG-1989
咪咕直播 24,http://gslbserv.itv.cmvideo.cn:80/3000000010000012616/index.m3u8?channel-id=FifastbLive&Contentid=3000000010000012616&livemode=1&stbId=YanG-1989
咪咕直播 25,http://gslbserv.itv.cmvideo.cn:80/3000000010000015470/index.m3u8?channel-id=FifastbLive&Contentid=3000000010000015470&livemode=1&stbId=YanG-1989
咪咕直播 26,http://gslbserv.itv.cmvideo.cn:80/3000000010000015560/index.m3u8?channel-id=FifastbLive&Contentid=3000000010000015560&livemode=1&stbId=YanG-1989
咪咕直播 27,http://gslbserv.itv.cmvideo.cn:80/3000000010000017678/index.m3u8?channel-id=FifastbLive&Contentid=3000000010000017678&livemode=1&stbId=YanG-1989
咪咕直播 28,http://gslbserv.itv.cmvideo.cn:80/3000000010000019839/index.m3u8?channel-id=FifastbLive&Contentid=3000000010000019839&livemode=1&stbId=YanG-1989
咪咕直播 29,http://gslbserv.itv.cmvideo.cn:80/3000000010000021904/index.m3u8?channel-id=FifastbLive&Contentid=3000000010000021904&livemode=1&stbId=YanG-1989
咪咕直播 30,http://gslbserv.itv.cmvideo.cn:80/3000000010000023434/index.m3u8?channel-id=FifastbLive&Contentid=3000000010000023434&livemode=1&stbId=YanG-1989
咪咕直播 31,http://gslbserv.itv.cmvideo.cn:80/3000000010000025380/index.m3u8?channel-id=FifastbLive&Contentid=3000000010000025380&livemode=1&stbId=YanG-1989
咪咕直播 32,http://gslbserv.itv.cmvideo.cn:80/3000000010000027691/index.m3u8?channel-id=FifastbLive&Contentid=3000000010000027691&livemode=1&stbId=YanG-1989
咪咕直播 33,http://gslbserv.itv.cmvideo.cn:80/3000000010000031669/index.m3u8?channel-id=FifastbLive&Contentid=3000000010000031669&livemode=1&stbId=YanG-1989
咪咕直播 34,http://gslbserv.itv.cmvideo.cn:80/3000000020000011518/index.m3u8?channel-id=FifastbLive&Contentid=3000000020000011518&livemode=1&stbId=YanG-1989
咪咕直播 35,http://gslbserv.itv.cmvideo.cn:80/3000000020000011519/index.m3u8?channel-id=FifastbLive&Contentid=3000000020000011519&livemode=1&stbId=YanG-1989
咪咕直播 36,http://gslbserv.itv.cmvideo.cn:80/3000000020000011520/index.m3u8?channel-id=FifastbLive&Contentid=3000000020000011520&livemode=1&stbId=YanG-1989
咪咕直播 37,http://gslbserv.itv.cmvideo.cn:80/3000000020000011521/index.m3u8?channel-id=FifastbLive&Contentid=3000000020000011521&livemode=1&stbId=YanG-1989
咪咕直播 38,http://gslbserv.itv.cmvideo.cn:80/3000000020000011522/index.m3u8?channel-id=FifastbLive&Contentid=3000000020000011522&livemode=1&stbId=YanG-1989
咪咕直播 4K-1,http://gslbserv.itv.cmvideo.cn:80/3000000010000005180/index.m3u8?channel-id=FifastbLive&Contentid=3000000010000005180&livemode=1&stbId=YanG-1989
咪咕直播 4K-2,http://gslbserv.itv.cmvideo.cn:80/3000000010000015686/index.m3u8?channel-id=FifastbLive&Contentid=3000000010000015686&livemode=1&stbId=YanG-1989
JJ斗地主,http://huanqiuzhibo.cn/manifest/douyu.php?id=488743
JJ斗地主,http://zzy789.xyz/douyu1.php?id=488743
五星体育,https://migu.188766.xyz/?migutoken=f044e1c97db7c6da6135c112a2f5b2e3&id=%E4%BA%94%E6%98%9F%E4%BD%93%E8%82%B2&pp=1
广东体育,https://mgev.188766.xyz/?migutoken=adc89b1e857930955cba95be68079f7d&id=gd_gdty&type=sz
体坛名栏汇,https://migu.188766.xyz/?migutoken=d61bc9415bae5920e5eadbc2b582e4ce&id=%E4%BD%93%E5%9D%9B%E5%90%8D%E6%A0%8F%E6%B1%87&type=yy
24小时全运会轮播台,https://migu.188766.xyz/?migutoken=390092c18ab2663c01bd3673f0e7b57e&id=24%E5%B0%8F%E6%97%B6%E5%85%A8%E8%BF%90%E4%BC%9A%E8%BD%AE%E6%92%AD%E5%8F%B0&type=yy
24小时城市联赛轮播台,https://migu.188766.xyz/?migutoken=66bbfae74c62c2f889831e58abef93e6&id=24%E5%B0%8F%E6%97%B6%E5%9F%8E%E5%B8%82%E8%81%94%E8%B5%9B%E8%BD%AE%E6%92%AD%E5%8F%B0&type=yy
武术世界,https://migu.188766.xyz/?migutoken=2590a054b1130b84a770f6d2603454a7&id=%E6%AD%A6%E6%9C%AF%E4%B8%96%E7%95%8C&type=yy
四海钓鱼,https://migu.188766.xyz/?migutoken=64aecbd48db04e8f2a4f8deb72b131fc&id=%E5%9B%9B%E6%B5%B7%E9%92%93%E9%B1%BC&type=yy
广东体育,http://rfx2018.55555.io:2345/udp/239.77.0.168:5146
广东体育,http://sub.mtoo.vip:8333/udp/239.77.0.168:5146
广东体育,http://ha.m-too.top:8333/udp/239.77.0.168:5146
广东体育,http://php.jdshipin.com:8880/TVOD/iptv.php?id=gdty
第一财经,http://a1live.livecdn.yicai.com/live/radio_tv.m3u8
3D0,https://vd2.bdstatic.com/mda-kfhr50vjwtmttwxc/v1-cae/sc/mda-kfhr50vjwtmttwxc.mp4
3D1,https://vd4.bdstatic.com/mda-mdfijn4crxseyky0/1080p/cae_h264/1618549960/mda-mdfijn4crxseyky0.mp4
3d4,https://vd2.bdstatic.com/mda-kmtfv6y5gctpa35w/sc/mda-kmtfv6y5gctpa35w.mp4
3D5,https://vd2.bdstatic.com/mda-kkfx81ffgjvk2qja/v1-cae/sc/mda-kkfx81ffgjvk2qja.mp4
3D投影1,https://vd4.bdstatic.com/mda-ncuizu4wfrjswzxp/720p/h264_delogo/1648560283895563574/mda-ncuizu4wfrjswzxp.mp4
3D投影2,https://vd4.bdstatic.com/mda-ncuiyrw7qj9x5w3z/720p/h264_delogo/1648560203494563586/mda-ncuiyrw7qj9x5w3z.mp4
AA,https://vd3.bdstatic.com/mda-mfnc43q5ngnzua6p/sc/cae_h264/1624437508830556235/mda-mfnc43q5ngnzua6p.mp4
Bicycle,https://vd2.bdstatic.com/mda-mbirabhun6n01ucc/v1-cae/1080p/mda-mbirabhun6n01ucc.mp4
Dreamcatcher,https://vd3.bdstatic.com/mda-mbiqgzsnfeyv74y6/v1-cae/1080p/mda-mbiqgzsnfeyv74y6.mp4
MV,https://vd4.bdstatic.com/mda-kmbika46ppvf7nzc/v1-cae/1080p/mda-kmbika46ppvf7nzc.mp4
X战警：黑凤凰,https://vd2.bdstatic.com/mda-jetjizur4bnmfux8/hd/mda-jetjizur4bnmfux8.mp4
变形金刚1,https://vd3.bdstatic.com/mda-khb9j4g6c25biyqj/v1-cae/1080p/mda-khb9j4g6c25biyqj.mp4
变形金刚2K,https://vd3.bdstatic.com/mda-nd6k8tnavw6sj0a5/qhd/cae_h264_delogo/1649341416716222901/mda-nd6k8tnavw6sj0a5.mp4
变形金刚4K,https://vd3.bdstatic.com/mda-nd6k8tnavw6sj0a5/uhd/cae_h264_delogo/1649341416749683469/mda-nd6k8tnavw6sj0a5.mp4
变形金刚LD,https://vd3.bdstatic.com/mda-nd6k8tnavw6sj0a5/1080p/cae_h264_delogo/1649341416696755483/mda-nd6k8tnavw6sj0a5.mp4
变形金刚UHD,https://vd3.bdstatic.com/mda-nd6k8tnavw6sj0a5/720p/h264_delogo/1649341231263414752/mda-nd6k8tnavw6sj0a5.mp4
不同国家,https://vd2.bdstatic.com/mda-ncm7bqn1fvayqcac/sc/cae_h264_delogo/1647926240143319597/mda-ncm7bqn1fvayqcac.mp4
长津湖,https://vd3.bdstatic.com/mda-mgq3kek3j2cr07w7/sc/cae_h264_nowatermark/1627180666806871183/mda-mgq3kek3j2cr07w7.mp4
大橘,https://vd4.bdstatic.com/mda-ma2gq0my4ar6a8dz/v1-cae/1080p/mda-ma2gq0my4ar6a8dz.mp4
大片3D,https://vd2.bdstatic.com/mda-ki2cvyhz79rw40wg/v1-cae/sc/mda-ki2cvyhz79rw40wg.mp4
电影,https://vd3.bdstatic.com/mda-kj0kfvyty9dk9nk0/v1-cae/sc/mda-kj0kfvyty9dk9nk0.mp4
东京-新宿,https://vd4.bdstatic.com/mda-na6metzpvv5xqh6h/1080p/cae_h264/1641623274673701803/mda-na6metzpvv5xqh6h.mp4
钢铁侠,https://vd4.bdstatic.com/mda-narbupksqbu5yyiy/sc/cae_h264_nowatermark_delogo/1643187081773112317/mda-narbupksqbu5yyiy.mp4
功夫之王,https://vdse.bdstatic.com//92bd4a8082ab3cb7e96e1d852bc0d5f4.mp4?authorization=bce-auth-v1%2F40f207e648424f47b2e3dfbb1014b1a5%2F2022-05-07T19%3A35%3A37Z%2F-1%2Fhost%2Fbac03dc21a0ea989035da20433039cdcc82efc3a5773df7c4dbcf4d6b6d62443
混剪3D,https://vd3.bdstatic.com/mda-kksk814vwc1m06av/sc/mda-kksk814vwc1m06av.mp4
精美,https://vd4.bdstatic.com/mda-mjak88esahdcpmc5/1080p/cae_h264/1633962937397290860/mda-mjak88esahdcpmc5.mp4
龙腾虎跃,https://vd2.bdstatic.com/mda-nb48vhn84vq41zf3/1080p/cae_h264_delogo/1644042257215201305/mda-nb48vhn84vq41zf3.mp4
裸眼3D,https://vd2.bdstatic.com/mda-kka520dkkf8mrujz/sc/mda-kka520dkkf8mrujz.mp4
裸眼3D2,https://vd4.bdstatic.com/mda-mdfijn4crxseyky0/sc/mda-mdfijn4crxseyky0.mp4
木叶上忍的究极对决,https://vd4.bdstatic.com/mda-mahnrqxb6xvgzyte/sc/cae_h264_nowatermark/1610957664/mda-mahnrqxb6xvgzyte.mp4
千里江山图,https://vd4.bdstatic.com/mda-ncrggyx20mz0s134/sc/cae_h264_delogo/1648294922621791952/mda-ncrggyx20mz0s134.mp4
生物多样性,https://vd3.bdstatic.com/mda-ne6irx2irbjbbr6v/sc/cae_h264/1651932935194074079/mda-ne6irx2irbjbbr6v.mp4
视觉艺术,https://vd2.bdstatic.com/mda-ncj8cwfhcr4zyrfd/sc/cae_h264_delogo/1647755833056552862/mda-ncj8cwfhcr4zyrfd.mp4
司藤,https://vd4.bdstatic.com/mda-nae2xzfan0zk06f7/sc/cae_h264_delogo/1642265942028031063/mda-nae2xzfan0zk06f7.mp4
头号玩家,https://vd2.bdstatic.com/mda-kknwdmibvdrfaavv/v1-cae/1080p/mda-kknwdmibvdrfaavv.mp4
玩家,https://vd3.bdstatic.com/mda-kbhkh7z58qvsn0a1/mda-kbhkh7z58qvsn0a1.mp4
小丑,https://vd2.bdstatic.com/mda-jkbrts1znp07ryb8/sc/mda-jkbrts1znp07ryb8.mp4
CCTV央视台球,https://epg.pw/stream/25677ac2e8c1f7c3dd6359c43eb5f0f54efb3f5c11f9dda18d01b3e0308ed017.m3u8
CCTV第一剧场,https://epg.pw/stream/6d7bf281e3d739806a73f5373acaa6e01988ec9739f5ac1355ce54b47a928472.m3u8
CCTV风云足球,https://epg.pw/stream/ac8062ec9484078061d3bef507c15a423ac57ae4144e3fcc4b0a198dd420f911.m3u8
CGTN,https://0472.org/hls/cgtn.m3u8
CGTN俄语,http://russian-livews.cgtn.com/hls/LSvexABhNipibK5KRuUkvHZ7220802LSTeze9o8tdFXMHsb1VosgoT220802cd.m3u8
CGTN法语,https://0472.org/hls/cgtnf.m3u8
CGTN西语,https://0472.org/hls/cgtnx.m3u8
CGTN阿语,https://0472.org/hls/cgtna.m3u8
CCTV4K,http://vip1.xinketongxun.fun:8082/tsfile/live/1026_1.m3u8
熊猫直播,https://gcwbndali.v.myalicdn.com/gcwbnd/ipanda1000_2/index.m3u8
支持作者,https://vd2.bdstatic.com/mda-sctj0f6r4u1bpebc/1080p/cae_h264/1774706523506678171/mda-sctj0f6r4u1bpebc.mp4
兵团卫视,http://218.13.170.98:9901/tsfile/live/0115_1.m3u8
海峡卫视,http://38.64.72.148:80/hls/modn/list/4009/chunklist0.m3u8
农林卫视,http://124.116.183.146:9901/tsfile/live/1004_1.m3u8
厦门卫视,http://183.11.239.36:808/hls/17/index.m3u8
上海卫视,http://112.27.235.94:8000/hls/28/index.m3u8
延边卫视,https://srs.iyb983.cn/video/CYS/index.m3u8
安多卫视,https://liveout.xntv.tv/a65jur/96iln2.m3u8
上海卫视,http://112.27.235.94:8000/hls/28/index.m3u8
大湾区卫视,http://222.128.55.152:9080/live/dwq.m3u8
山东教育,https://test1.live.sdetv.com.cn/live/dianshizhibo/playlist.m3u8
人间卫视,https://5ddce30eb4b55.streamlock.net/bltvhd/bltv1/chunklist_w511254805.m3u8
东方卫视4K,https://bp-resource-dfl.bestv.cn/148/3/video.m3u8
苏州4K,https://tylive.kan0512.com/norecord/csztv4k_4k.m3u8
CHC家庭影院,http://61.162.52.6:8088/newlive/live/hls/60/live.m3u8
CHC电影,http://183.237.95.108:9901/tsfile/live/1008_1.m3u8?key=txiptv&playlive=0&authid=0
东阳影视生活,http://l.cztvcloud.com/channels/lantian/SXdongyang1/720p.m3u8
人在囧途,https://vip.ffzy-play.com/20221018/1953_2d6ba500/index.m3u8
人在囧途之泰囧,https://vip.ffzy-play.com/20221018/1951_47e1adc8/index.m3u8
人在囧途之港囧,https://vip.ffzy-play7.com/20230112/11082_fde1a94d/index.m3u8
倩女幽魂人间道,http://jsmov2.a.yximgs.com/bs3/video-hls/5250634317044855747_hlsb.m3u8
倩女幽魂妖魔道,http://jsmov2.a.yximgs.com/bs3/video-hls/5232901391302199073_hlsb.m3u8
倩女幽魂道道道,http://jsmov2.a.yximgs.com/bs3/video-hls/5216294367991385255_hlsb.m3u8
冰冰影剧,http://www.goodiptv.club/douyu/74374
刀刀影院,http://www.goodiptv.club/douyu/747764
华语影视,http://www.goodiptv.club/douyu/3928
南宁影视娱乐,http://hls.nntv.cn/nnlive/YSYL_244.m3u8
古装武侠,http://www.goodiptv.club/douyu/2793084
哈尔滨影视,http://stream.hrbtv.net/yspd/sd/live.m3u8?zheild
寒战,https://vip.ffzy-play6.com/20221019/157_bf0740ee/index.m3u8
我不是药神,https://vip.ffzy-play1.com/20221018/478_c3afed66/index.m3u8
拆弹专家1,https://vip.ffzy-online.com/20221015/719_80ff87c2/index.m3u8
拆弹专家2,https://vip.ffzy-online.com/20221015/722_e32c42bc/index.m3u8
橙记港剧,http://www.goodiptv.club/douyu/4549169
浙江教科影视,http://ali-m-l.cztv.com/channels/lantian/channel04/1080p.m3u8
热门港剧,http://www.goodiptv.club/douyu/5522351
电影丧尸片,http://live.metshop.top/huya/21059578?cdn=alicdn
电影八点档,http://live.metshop.top/huya/880261?cdn=alicdn
电影刘德华,http://live.metshop.top/huya/11342424?cdn=alicdn
电影功夫片,http://live.metshop.top/huya/11352941?cdn=alicdn
电影动作电影,http://live.metshop.top/huya/11602077?cdn=alicdn
电影战争片,http://live.metshop.top/huya/21059574?cdn=alicdn
电影搞笑喜剧,http://live.metshop.top/huya/11342423?cdn=alicdn
电影梁家辉,http://live.metshop.top/huya/11342429?cdn=alicdn
电影蜘蛛侠,http://live.metshop.top/huya/21059599?cdn=alicdn
电影谍战片,http://live.metshop.top/huya/21059587?cdn=alicdn
电影贺岁,http://live.metshop.top/huya/11601971?cdn=alicdn
美亚电影,http://zjrtv.vip/live/?tbs=mydy
让子弹飞,https://vip.ffzy-play7.com/20230116/11563_b9f44814/index.m3u8
贝爷求生,http://www.goodiptv.club/douyu/9661369
韩国电影1,https://stream.ads.ottera.tv/playlist.m3u8?network_id=595
韩国电影2,https://stream.ads.ottera.tv/playlist.m3u8?network_id=743
龙门飞甲,http://jsmov2.a.yximgs.com/bs3/video-hls/5203346449046555193_hlsb.m3u8
南国都市,https://tencentplay.gztv.com/live/nanguodushi.m3u8?txSecret=550af55c0ea34ce492748481415b6dfa&txTime=1903e7b17de
四川科教,http://182.150.115.21:8030/pcgacg/pcgacg_0.m3u8
卡酷少儿,http://218.13.170.98:9901/tsfile/live/1021_1.m3u8
金鹰卡通,http://183.11.239.36:808/hls/69/index.m3u8
广东少儿,http://gmxw.7766.org:808/hls/175/index.m3u8
浙江少儿,http://ali-m-l.cztv.com/channels/lantian/channel008/1080p.m3u8
海绵宝宝,https://live.metshop.top/douyu/3949681
猫和老鼠,https://live.metshop.top/huya/11352879
福州少儿,http://live.zohi.tv/video/s10001-fztv-4/index.m3u8
韩国EBS少儿,http://ebsonairios.ebs.co.kr/ebsutablet500k/tablet500k/playlist.m3u8
黑龙江少儿,https://ls.qingting.fm/live/4972/64k.m3u8
广东珠江,http://gmxw.7766.org:808/hls/83/index.m3u8
七台河新闻综合,http://live.qthnews.org.cn:1935/live/live1/800k/tzwj_video.m3u8
七台河民生社教,http://live.qthnews.org.cn:1935/live/live2/800k/tzwj_video.m3u8
万荣综合,http://60.222.246.220:19433/hls1.m3u8
三明新闻综合,http://ls.qingting.fm/live/4885.m3u8
上海第一财经,https://satellitepull.cnr.cn/live/wx32dycjgb/playlist.m3u8
上虞文化影院,http://l.cztvcloud.com/channels/lantian/SXshangyu2/720p.m3u8
上虞新商都,http://l.cztvcloud.com/channels/lantian/SXshangyu3/720p.m3u8
上虞新闻综合,http://l.cztvcloud.com/channels/lantian/SXshangyu1/720p.m3u8?zzhed
东丰综合,http://stream3.jlntv.cn:80/aac_dfgb/playlist.m3u8
东莞新闻综合,https://stream.sun0769.com/dgrtv1/mp4tv1_800/index.m3u8
东莞生活资讯,https://stream.sun0769.com/dgrtv1/mp4tv2_800/index.m3u8
中国蓝新闻,http://ali-m-l.cztv.com/channels/lantian/channel009/1080p.m3u8
乐至综合,http://175.155.106.72:89/live1/live1.m3u8
九台综合,http://stream10.jlntv.cn/jiutaitv/sd/live.m3u8
云南娱乐,https://hwapi.yntv.net/62hdvf/q9vs1b.m3u8
云南都市,https://hwapi.yntv.net/62hdvf/rjwt14.m3u8
云和新闻综合,http://l.cztvcloud.com/channels/lantian/SXyunhe1/720p.m3u8
云霄综合,https://live.zzyxxw.com:2443/live/xwzh.m3u8
井研综合,http://tvfile.jyrmt.cn/nmip-media/channellive/channel104452/playlist.m3u8
亳州农村,http://zbbf2.ahbztv.com/live/418.m3u8
仁寿综合,https://play.scrstv.com.cn/DT/live.m3u8?auth_key=60001724663204-0-0-c1cc4ded9841ac34f63cdbd3aec647ef
任丘综合,https://jwcdnqx.hebyun.com.cn/live/rqtv1/1500k/tzwj_video.m3u8
伊犁哈萨克,http://110.153.180.106:55555/out_3/index.m3u8
伊犁经济法制,http://110.153.180.106:55555/out_4/index.m3u8
伊犁维吾尔,http://110.153.180.106:55555/out_2/index.m3u8
余姚姚江文化,https://l.cztvcloud.com/channels/lantian/SXyuyao3/720p.m3u8
余姚新闻综合,http://l.cztvcloud.com/channels/lantian/SXyuyao1/720p.m3u8
余姚综合,https://l.cztvcloud.com/channels/lantian/SXyuyao1/720p.m3u8
余杭未来E,http://l.cztvcloud.com/channels/lantian/SXyuhang3/720p.m3u8
余杭综合,http://l.cztvcloud.com/channels/lantian/SXyuhang1/720p.m3u8
六安公共,http://ls.qingting.fm/live/1794199.m3u8
六安新闻综合,http://ls.qingting.fm/live/267.m3u8
兰溪新闻综合,http://l.cztvcloud.com/channels/lantian/SXlanxi1/720p.m3u8
兴隆综合,https://jwcdnqx.hebyun.com.cn/live/xlzh/1500k/tzwj_video.m3u8
兵团五师双河新闻综合,http://liveout.btzx.com.cn/62ds9e/4nxdih.m3u8?fbl=
兵团八师石河子新闻综合,http://124.88.144.73:1935/live/xwzh/playlist.m3u8?zxinjd
剑阁综合,https://m3u8.channel.dzsm.com/nmip-media/channellive/channel105549/playlist.m3u8
北京新闻,https://satellitepull.cnr.cn/live/wxbjxwgb/playlist.m3u8
南京教科,http://nklive.nbs.cn/hls/75b3c462-b831-4de7-a34b-5d3221db2069/index.m3u8
南京新闻综合,http://nklive.nbs.cn/hls/d511bc9d-a694-4453-b3a2-4fc842cc97a1/index.m3u8
南国都市,http://tencentplay.gztv.com/live/nanguodushi.m3u8?txSecret=140110ae3d6c936a77f94c4f4d85b0d3&txTime=18d57929bd4
南宁都市生活,http://615bbf179ba53515dccad7b1da5d1ad9.livehwc3.cn/hls.nntv.cn/nnlive/WLSH_24.m3u8?sub_m3u8=true&edge_slice=true&user_session_id=2598844eaee8a4265e706fc14b3fc11d
双辽综合,http://stream3.jlntv.cn:80/aac_slgb/playlist.m3u8
古县综合,https://l2fpdktp.live.sxmty.com/live/hls/e4c3b363cc4549788e2d983f403e07db/d99ce1eb686e41b9afc888110bd95aa7.m3u8?zshanxd
句容党建,http://jrlive.jrntv.com/live/_definst_/dangjians/playlist.m3u8?%E5%85%B3%E6%B3%A8%E5%BE%AE%E4%BF%A1%E5%85%AC%E4%BC%97%E5%8F%B7[%E6%99%B4%E5%9B%AD]
句容影院,http://jrlive.jrntv.com/live/_definst_/yingshis/chunklist_w1994429382.m3u8?zjiangsd
句容生活,http://jrlive.jrntv.com/live/_definst_/shenghuos/playlist.m3u8?%E5%85%B3%E6%B3%A8%E5%BE%AE%E4%BF%A1%E5%85%AC%E4%BC%97%E5%8F%B7[%E6%99%B4%E5%9B%AD]
可克达拉综合,http://file.loulannews.cn/nmip-media/channellive/channel103824/playlist.m3u8
合肥新闻,http://112.27.235.94:8000/hls/18/index.m3u8
吉林乡村,https://satellitepull.cnr.cn/live/wxjlxcgb/playlist.m3u8
名山综合,https://m3u8channel-bx.yunxya.com/nmip-media/channellive/channel104666/playlist.m3u8
哈尔滨娱乐,https://stream.hrbtv.net/ylpd/sd/live.m3u8
哈尔滨新闻综合,http://stream.hrbtv.net/xwzh/sd/live.m3u8?zheild
哈尔滨生活,http://111.43.126.240:9003/hls/3/index.m3u8
哈尔滨资讯,http://stream.hrbtv.net/zxpd/sd/live.m3u8
哈尔滨都市咨询,http://stream.hrbtv.net/zxpd/sd/live.m3u8?zheild
嘉兴新闻综合,http://live.zohi.tv/video/s10001-fztv-1/index.m3u8
嘉峪关综合,http://play.kankanlive.com/live/1720583434627241.m3u8
固镇新闻,http://www.guzhenm.com:7001/hls/hd-live.m3u8?%E5%85%B3%E6%B3%A8%E5%BE%AE%E4%BF%A1%E5%85%AC%E4%BC%97%E5%8F%B7[%E6%99%B4%E5%9B%AD]
大宁综合,http://live.daningtv.com/aac_dngb/playlist.m3u8
太谷新闻综合,https://p2.vzan.com/slowlive/596867413819827251/live.m3u8?zbid=1725814272&amp;tpid=1516989100&amp;type=0
夹江新闻综合,http://tvfile.jjrm.org.cn/nmip-media/channellive/channel106282/playlist.m3u8?zsicd
奎屯哈萨克语,http://218.84.12.186:8002/hls/main/playlist.m3u8?zxinjd
安徽导视,http://dspdhls.appcoo.com:8888/live/dspd/index.m3u8
安顺新闻,https://ls.qingting.fm/live/5022203/64k.m3u8
定襄综合,http://lbyzztfe.live.sxmty.com/live/hls/645ff4c60e0a49f0a203abbd73dd8be9/0720e665f10f48e98c9639f4f492fb4a-1.m3u8?zshanxd
宜兴新闻,http://yixing-tv-ori-hls.jstv.com/yixing-tv-ori/yixing_xw.m3u8
山东生活,http://ls.qingting.fm/live/60260.m3u8
嵊州新闻综合,http://l.cztvcloud.com/channels/lantian/SXshengzhou1/720p.m3u8?zzhed#http://l.cztvcloud.com/channels/lantian/SXshengzhou1/720p.m3u8
嵊泗综合,http://l.cztvcloud.com/channels/lantian/SXshengsi1/720p.m3u8
常熟民生,http://3gvod.zjgonline.com.cn:1935/live/_definst_/shehuishenghuo_app/chunklist.m3u8
平泉综合,https://jwcdnqx.hebyun.com.cn/live/pqzh/1500k/tzwj_video.m3u8
平湖新闻综合,http://l.cztvcloud.com/channels/lantian/SXpinghu1/720p.m3u8?zzhed
平湖民生休闲,http://l.cztvcloud.com/channels/lantian/SXpinghu2/720p.m3u8
平遥新闻综合,https://tntgjhjb.live.sxmty.com/live/hls/3a4585ac11ec4e1bb07b419101b370c3/baf63e2b313440c2a25d7859f9b73b05-1.m3u8?zshanxd
广东民生,http://183.11.239.36:808/hls/18/index.m3u8
广元公共,https://m3u8.channel.dzsm.com/nmip-media/channellive/channel101257/playlist.m3u8
广元综合,https://m3u8.channel.dzsm.com/nmip-media/channellive/channel100999/playlist.m3u8
广安公共,http://live1.gatv.com.cn:85/live/GGPD_ggpdzm.m3u8
广州新闻,http://tencentplay.gztv.com/live/xinwen.m3u8?txSecret=d2c2db0b598c02ec1b5623728434d367&txTime=18d57929bd3
广州综合,http://tencentplay.gztv.com/live/zonghes.m3u8?txSecret=c8dbe86d6f86eb1a21999ab479fd5667&txTime=18d3c4690e8
广德生活,https://live.gdtv.ah.cn/live/newsTV.m3u8
广西国际,https://hlscdn.liangtv.cn/live/0234c48e0bc24fe1b41b9999a253e581/1075ee38e04f490690f6a36a16e09c79.m3u8
庆元新闻综合,http://l.cztvcloud.com/channels/lantian/SXqingyuan1/720p.m3u8?fbl=
庆元综合,http://l.cztvcloud.com/channels/lantian/SXqingyuan1/720p.m3u8
延边2,http://stream5.jlntv.cn/wq/playlist.m3u8
开化国家公园,http://l.cztvcloud.com/channels/lantian/SXkaihua2/720p.m3u8
开化新闻综合,http://l.cztvcloud.com/channels/lantian/SXkaihua1/720p.m3u8?zzhed
张掖新闻综合,https://play.kankanlive.com/live/1720583434627241.m3u8
德惠综合,http://stream11.jlntv.cn/dehuitv/sd/live.m3u8
敦化一套,http://stream8.jlntv.cn/dhtv/playlist.m3u8
数码时代,http://ali-m-l.cztv.com/channels/lantian/channel12/720p.m3u8?zzhed
文成新闻综合,http://l.cztvcloud.com/channels/lantian/SXwencheng1/720p.m3u8
文成综合,http://l.cztvcloud.com/channels/lantian/SXwencheng1/720p.m3u8?zzhed?
新昌新闻综合,https://l.cztvcloud.com/channels/lantian/SXxinchang1/720p.m3u8
新昌生活,http://l.cztvcloud.com/channels/lantian/SXxinchang2/720p.m3u8
新沂新闻,http://live.xysrmt.cn/xwzh/sd/live.m3u8?zjiangsd"
新沂生活,http://live.xysrmt.cn/shpd/sd/live.m3u8?zjiangsd
新野综合,http://tvpull.dxhmt.cn:9081/tv/11329-1.m3u8
新闻综合,https://m3u8channel.yunxya.com/nmip-media/channellive/channel100028/playlist.m3u8
无锡娱乐,https://stream.thmz.com/wxtv2/playlist.m3u8
无锡新闻综合,http://stream.thmz.com/wxtv1/playlist.m3u8
无锡生活,https://stream.thmz.com/wxtv4/playlist.m3u8
无锡经济,https://stream.thmz.com/wxtv5/playlist.m3u8
无锡都市资讯,http://stream.thmz.com/wxtv3/sd/live.m3u8
旺苍新闻综合,http://channel.wcrmt.cn:80/nmip-media/channellive/channel105268/playlist.m3u8
昌黎综合,https://jwcdnqx.hebyun.com.cn/live/clzhpd/1500k/tzwj_video.m3u8
普陀新闻综合,http://l.cztvcloud.com/channels/lantian/SXputuo1/720p.m3u8
普陀电视台,https://l.cztvcloud.com/channels/lantian/SXputuo1/720p.m3u8
朝天综合,https://m3u8.channel.dzsm.com/nmip-media/channellive/channel104601/playlist.m3u8
来宾综合,http://zb.gxlbamc.com:1935/live/lbzh.stream/playlist.m3u8
松潘新闻综合,http://live.spccmc.com:90/live/spxwzh.m3u8
松阳综合,http://l.cztvcloud.com/channels/lantian/SXsongyang1/720p.m3u8
柳河综合,http://stream3.jlntv.cn:80/aac_lhgb/sd/live.m3u8
桦甸综合,http://stream9.jlntv.cn:80/aac_huadiangb/playlist.m3u8
梅河口综合,http://stream3.jlntv.cn:80/aac_mhkgb/playlist.m3u8
梨园,https://dxtx.hntv.tv/live/lypd.m3u8?txSecret=10c771842a0be59e8b575d765173ec96&txTime=7B923E0A&wsSecret=41543190cdf375f1c73207222bb96542&wsTime=1769313549
武义新闻综合,http://l.cztvcloud.com/channels/lantian/SXwuyi1/720p.m3u8
武汉一台新闻综合,https://ls.qingting.fm/live/20198/64k.m3u8
永嘉新闻综合,http://l.cztvcloud.com/channels/lantian/SXyongjia1/720p.m3u8
永城综合,http://tvpull.dxhmt.cn:9081/tv/11481-1.m3u8
永昌综合,https://play.kankanlive.com/live/1652755738635915.m3u8
江夏新闻综合,http://59.175.226.142:280/gb28181/xwzh.m3u8?zhubd
汪清综合,http://stream5.jlntv.cn/wq/sd/live.m3u8
汶川新闻综合,http://file.ysxtv.cn/cms/videos/nmip-media/channellive/channel4/playlist.m3u8?zsicd#rtmp://tv.mcrm.org.cn:1935/channellive/tv01
沐川综合,http://file.ysxtv.cn/cms/videos/nmip-media/channellive/channel4/playlist.m3u8?zsicd
沭阳综合,https://shuyang-tv-hls.cm.jstv.com:443/shuyang-tv/shuyangzh.m3u8
河北农民,https://jwcdnqx.hebyun.com.cn/live/clzhpd/1500k/tzwj_video.m3u8?zhebd
河北都市,https://radio.pull.hebtv.com/live/hebnczx.m3u8
泗洪新闻综合,http://live1.habctv.com/ggpdsl/sd/live.m3u8?zjiangsd#http://live1.habctv.com/ggpdsl/sd/live.m3u8
泗阳综合,http://3739115337.cloudvdn.com/a.m3u8?domain=siyang-tv-hls.cm.jstv.com&player=nwEAAKHdjSKP_58X&secondToken=secondToken%3A5FUijZmDyNMxtCDdne0YzSAwjuw&streamid=siyang-tv%3Asiyang-tv%2Fsiyangzh&v3=1
泸县新闻综合,http://lxfile.lxxcb.cn:80/nmip-media/channellive/channel103799/playlist.m3u8
洞头综合,http://l.cztvcloud.com/channels/lantian/SXdongtou1/720p.m3u8
津南一套,http://play.jinnantv.top/live/JNTV1.m3u8?ztianjd
浙江休闲台,http://ali-m-l.cztv.com/channels/lantian/channel006/720p.m3u8
浙江公共新闻,http://ali-m-l.cztv.com/channels/lantian/channel07/1080p.m3u8
浙江国际,http://ali-m-l.cztv.com/channels/lantian/channel010/1080p.m3u8
浙江教科,http://ali-m-l.cztv.com/channels/lantian/channel004/1080p.m3u8
浙江教育,http://ali-m-l.cztv.com/channels/lantian/channel04/720p.m3u8
浙江数码时代,http://ali-m-l.cztv.com/channels/lantian/channel12/720p.m3u8
浙江新闻,https://ali-m-l.cztv.com/channels/lantian/channel007/1080p.m3u8?
浙江民生,http://ali-m-l.cztv.com/channels/lantian/channel06/1080p.m3u8
浙江民生休闲,https://ali-m-l.cztv.com/channels/lantian/channel006/1080p.m3u8
浙江生活,http://ls.qingting.fm/live/1099.m3u8
浙江留学,http://ali-vl.cztv.com/channels/lantian/channel009/360p.m3u8
浙江经济,http://ali-m-l.cztv.com/channels/lantian/channel03/720p.m3u8
浙江经济生活,http://ali-m-l.cztv.com/channels/lantian/channel03/1080p.m3u8
浙江经视,https://ali-m-l.cztv.com/channels/lantian/channel003/1080p.m3u8
浙江遂昌,http://l.cztvcloud.com/channels/lantian/SXsuichang1/720p.m3u8
浙江钱江,http://l.cztvcloud.com/channels/lantian/SXyuyao2/720p.m3u8
浙江钱江都市,http://ali-xwl.cztv.com/live/channel02720Plxw.m3u8
浙江钱江频道,http://ali-m-l.cztv.com/channels/lantian/channel02/1080p.m3u8
海南新闻,http://ls.qingting.fm/live/1861.m3u8
海宁新闻综合,https://p2hs.vzan.com/slowlive/317913155078575177/live.m3u8
涟水电视台综合,https://lianshui-tv-hls.cm.jstv.com:443/lianshui-tv/lsxw.m3u8
淮安影院娱乐,http://live1.habctv.com/ysylsl/sd/live.m3u8
淮阴综合,https://huaiyin-tv-replay.cm.jstv.com/huaiyin-tv/huaiyinf.m3u8
清河经济综艺,https://jwcdnqx.hebyun.com.cn/live/qinghe1/1500k/tzwj_video.m3u8
渭源新闻,http://play.kankanlive.com/live/1720408280309109.m3u8
湖州公共民生,http://hzcm-live.media.hugd.com/1e6b554b9ab74513958c0e1ffe664d22/9acaa7634309494cb29a85eb12136607.m3u8?auth_key=2272900830-9a2389b8bf4e49d580d4ad807423d326-0-ea78a5c7a678c436263582d368f5009e
湖州文化娱乐,http://hzcm-live.media.hugd.com/613c47f0ab0d4eaa98b21378d0db6ded/0051d31c9dd543a7825eea4e49675b2a.m3u8?auth_key=2277598059-0a5ebfa1c0dc4671b42a60810fc37039-0-fa625b7d1feab612062453c12e3c8887
湖州新闻综合,http://hzcm-live.media.hugd.com/3f5fa7d64c7c46a38c6bd8ad35e836cc/65128273761b4731ae53729ea6dcf932.m3u8?auth_key=2277598215-9d21c15111244bea8d298c361d31a72e-0-d031198f58d44b0e91ba2e3f3b188865
滦平新闻,http://jwplay.hebyun.com.cn/live/LPTV001/1500k/tzwj_video.m3u8
滨海新闻综合,http://traffic.jbh.tjbh.com/live/bhtv10/playlist.m3u8
灌阳新闻综合,https://ls.qingting.fm/live/5043/64k.m3u8
烟台公共,http://live.yantaitv.cn/live/e50f104a4ffe4a41b2217cbda534146f/d86092e69df94668b33390278b061700-1.m3u8
烟台新闻综合,http://live.yantaitv.cn/live/3e81a8879da44c5dadf3bd9c10468e1c/9b776d420ee4438199b7657c8eb88f07-1.m3u8
烟台经济科技,http://live.yantaitv.cn/live/27f84144e95a4652ae9e5c211b2a6b55/405f3e33ba384aa0a16014d0becd1261-1.m3u8
玛纳斯综合,http://218.84.127.245:1026/hls/main1/playlist.m3u8?zxinjd,
璧山综合,http://222.179.42.129:8181/hls1.m3u8
甘南县综合,https://stream.hrbtv.net/zxpd/sd/live.m3u8
甘孜综合,http://tv.drs.ganzitv.com:8100/channellive/gztv.flv
甘肃经济,https://satellitepull.cnr.cn/live/wxgshhzs/playlist.m3u8
甘肃都市,https://satellitepull.cnr.cn/live/wxgsdstb/playlist.m3u8
番禺综合,http://video.epaper.pybtv.cn:8080/live/rtmp_live_demo.flv
白银综合,http://play.kankanlive.com/live/1720408089419110.m3u8
磐石综合,http://stream3.jlntv.cn:80/aac_psgb/sd/live.m3u8
祁门综合,http://zbbf2.ahbztv.com/live/416.m3u8?zanhd
福州生活,http://live.zohi.tv:80/video/s10001-fztv-3/index.m3u8
福建公共,https://live.264788.xyz/channel/fujianxiangcungonggong?streamid=1cf7fc3a8f6d160c33b43c2f9507a0cc&livekey=01WgOR41rriMmMkzNsd0UoaxJRwetZdxIvtVk
福建新闻,http://satellitepull.cnr.cn/live/wx32fjxwgb/playlist.m3u8
福建旅游,https://live.264788.xyz/channel/fujianlvyou?streamid=221239fcf3c7edb274f2f0760fe47f96&livekey=01WgOR41rriMmMkzNsd0UoaxJRwetZdxIvtVk
福建经济,http://satellitepull.cnr.cn/live/wx32fjdnjjgb/playlist.m3u8
秦安综合,https://play.kankanlive.com/live/1659926941626981.m3u8
第一财经,http://satellitepull.cnr.cn/live/wx32dycjgb/playlist.m3u8
绍兴公共,http://live.shaoxing.com.cn/video/s10001-sxtv2/index.m3u8
绍兴电视台公共,http://live.shaoxing.com.cn/video/s10001-sxtv2/index.m3u8?%E5%85%B3%E6%B3%A8%E5%BE%AE%E4%BF%A1%E5%85%AC%E4%BC%97%E5%8F%B7[%E6%99%B4%E5%9B%AD]
缙云新闻综合,http://l.cztvcloud.com/channels/lantian/SXjinyun1/720p.m3u8
缙云综合,http://l.cztvcloud.com/channels/lantian/SXjinyun1/720p.m3u8?zzhed?
舒兰新闻综合,http://stream8.jlntv.cn/shulan/sd/live.m3u8?_upt=332db6421699196585
苍南新闻综合,https://l.cztvcloud.com/channels/lantian/SXcangnan1/720p.m3u8
苏州文化生活,https://live-auth.51kandianshi.com/szgd/csztv3.m3u8
苏州新闻综合,https://live-auth.51kandianshi.com/szgd/csztv1.m3u8
苏州生活资讯,https://live-auth.51kandianshi.com/szgd/csztv5.m3u8
苏州社会经济,https://live-auth.51kandianshi.com/szgd/csztv2.m3u8
荆门新闻综合,https://stream.jmtv.com.cn/xwzh/playlist.m3u8?_upt=3e28e7271664278691
荥经综合,http://file.ysxtv.cn/cms/videos/nmip-media/channellive/channel4/playlist.m3u8
荥阳综合,http://tvpull.dxhmt.cn:9081/tv/10182-1.m3u8
营山电视台,http://file.ysxtv.cn/cms/videos/nmip-media/channellive/channel4/playlist.m3u8?zsicd#http://file.ysxtv.cn/cms/videos/nmip-media/channellive/channel4/playlist.m3u8
萧山新闻综合,https://l.cztvcloud.com/channels/lantian/SXxiaoshan1/720p.m3u8
萧山生活,https://l.cztvcloud.com/channels/lantian/SXxiaoshan2/720p.m3u8
萧山综合,http://l.cztvcloud.com/channels/lantian/SXxiaoshan1/720p.m3u8
衡水公共,http://ls.qingting.fm/live/2810.m3u8
衡阳新闻综合,https://liveplay-srs.voc.com.cn/hls/tv/183_554704.m3u8
衢江新闻综合,http://l.cztvcloud.com/channels/lantian/SXqujiang1/720p.m3u8?zzhed
西宁新闻综合,https://liveout.xntv.tv/a65jur/96iln2.m3u8?zqinghd
西安新闻,http://112.46.105.20:8009/hls/28/index.m3u8
西安都市,http://112.46.105.20:8009/hls/29/index.m3u8
西峰综合,https://play.kankanlive.com/live/1683944827526991.m3u8
诸暨新闻综合,https://l.cztvcloud.com/channels/lantian/SXzhuji3/720p.m3u8
象山新闻综合,http://l.cztvcloud.com/channels/lantian/SXxiangshan1/720p.m3u8
象山综合,http://play-sh13.quklive.com/live/1702360350551252.m3u8?auth_key=2037107484-800189c57a5a44d3b823b60cf84f6756-0-a6f6828a62d5c167cff5e68735fa0d39
赣州公共,https://pili-live-hls-sjxgz2024.sobeylive.com/jxgz2024/396_q_live172526334096251.m3u8
赣州新闻,https://pili-live-hls-sjxgz2024.sobeylive.com/jxgz2024/396_q_live172526329228525.m3u8
辉南新闻综合,http://stream5.jlntv.cn/hn/sd/live.m3u8
辽宁都市,https://ls.qingting.fm/live/1099/64k.m3u8
通化县综合,http://stream3.jlntv.cn:80/aac_thxgb/playlist.m3u8
遂昌综合,http://l.cztvcloud.com/channels/lantian/SXsuichang1/720p.m3u8?zzhed
邢台生活,https://jwcdnqx.hebyun.com.cn/live/xtcsshpd/1500k/tzwj_video.m3u8
邢台综合,https://jwplay.hebyun.com.cn:443/live/xtsrmtzs/1500k/tzwj_video.m3u8
邯郸公共频道,https://jwcdnqx.hebyun.com.cn/live/hdgg/1500k/tzwj_video.m3u8
邯郸新闻,https://jwcdnqx.hebyun.com.cn/live/hdxwzh/1500k/tzwj_video.m3u8
邯郸科技教育,https://jwcdnqx.hebyun.com.cn/live/hdkj/1500k/tzwj_video.m3u8
都市剧场,https://satellitepull.cnr.cn/live/wxcqxwgb/playlist.m3u8
金川乡村,http://live.jinchuanrmt.com:90/live/jcxc.m3u8?zsicd
金川新闻综合,http://live.jinchuanrmt.com:90/live/zhxw.m3u8?zsicd
铜梁综合,http://183.64.174.171:40123/ch1.m3u8?zzhongqd
铜陵新闻综合,https://ls.qingting.fm/live/21303/64k.m3u8
镇江二套社会民生,http://zjtv-wshls.homecdn.com/live/2aa16.m3u8
镇江新闻综合,http://zjtv-wshls.homecdn.com/live/2aa50.m3u8
长子综合,https://www.wxhcgbds.com:8081/channelTv/WXTV_1.m3u8?zshanxd
长影频道,http://tpc.x3322.net:9901/tsfile/live/1010_1.m3u8
长沙新闻综合,http://ls.qingting.fm/live/4877.m3u8
长白山电视台,http://stream8.jlntv.cn/cbstv/sd/live.m3u8?zjild
陕西公共,http://ls.qingting.fm/live/1222.m3u8
陕西新闻咨询,http://112.46.105.20:8009/hls/18/index.m3u8
陕西秦腔,http://112.46.105.20:8009/hls/22/index.m3u8
陕西都市青春,http://112.46.105.20:8009/hls/19/index.m3u8
陕西银龄,http://112.46.105.20:8009/hls/20/index.m3u8
雅安新闻综合,https://play.yunxya.com/channellive/xinwen.m3u8
青川综合,http://qcfile.qcrmt.com/nmip-media/channellive/channel100933/playlist.m3u8
青田电视台,http://l.cztvcloud.com/channels/lantian/SXqingtian1/720p.m3u8
靖宇综合,http://stream9.jlntv.cn:80/aac_jygb/playlist.m3u8
靖江新闻综合,http://ls.qingting.fm/live/23797.m3u8
黄山新闻综合,http://hslive.hsnewsnet.com/lsdream/hve9Wjs/1000/live.m3u8
黑龙江文体,https://idclive.hljtv.com:4430/live/hljwy_hd.m3u8
黑龙江新闻,https://ls.qingting.fm/live/4974/64k.m3u8
黑龙江都市,https://idclive.hljtv.com:4430/live/dushi_hd.m3u8
龙井综合,http://stream9.jlntv.cn:80/aac_longjinggb/playlist.m3u8
龙泉新闻综合,http://l.cztvcloud.com/channels/lantian/SXlongquan1/720p.m3u8
龙游新闻综合,https://l.cztvcloud.com/channels/lantian/SXlongyou1/720p.m3u8
龙游生活娱乐,https://l.cztvcloud.com/channels/lantian/SXlongyou2/720p.m3u8
CGTN纪录,https://0472.org/hls/cgtnd.m3u8
航拍中国第二季,http://newcntv.qcloudcdn.com/asp/hls/4000/0303000a/3/default/2bdfdad540b342f592f9817cb7f3b79a/4000.m3u8
东丰,http://stream5.jlntv.cn/df/sd/live.m3u8?zjild
中国村庄,http://newcntv.qcloudcdn.com/asp/hls/4000/0303000a/3/default/93fc12dbf14241c18c23da104fbade23/4000.m3u8
之江纪录,https://ali-m-l.cztv.com/channels/lantian/channel012/1080p.m3u8
九台,http://stream10.jlntv.cn/jiutaitv/sd/live.m3u8?zjild
人与自然,http://newcntv.qcloudcdn.com/asp/hls/1200/0303000a/3/default/1425e1d505654cb48ba82b807b221193/1200.m3u8
兵团五师双河影,https://liveout.btzx.com.cn/62ds9e/6o77s4.m3u8?zxinjd
双辽,http://stream5.jlntv.cn/sl/sd/live.m3u8?zjild
地理中国,http://newcntv.qcloudcdn.com/asp/hls/1200/0303000a/3/default/c6baf6f74bb944aeacee1065ea72c798/1200.m3u8
奎屯汉语,http://218.84.12.186:8001/hls/main/playlist.m3u8?zxinjd
敦化一套,http://stream8.jlntv.cn/dhtv/playlist.m3u8?zjild
柳河,http://stream5.jlntv.cn/lh/sd/live.m3u8?zjild
桦甸,http://stream10.jlntv.cn/huadian/sd/live.m3u8?zjild
江津新闻,http://222.179.155.21:1935/ch1.m3u8?zzhongqd
汪清,http://stream5.jlntv.cn/wq/sd/live.m3u8?zjild
玛纳斯,http://218.84.127.245:1026/hls/main1/playlist.m3u8?zxinjd
珲春新闻,http://stream8.jlntv.cn/hctv/sd/live.m3u8?zjild
白山公共,http://stream8.jlntv.cn/baishan2/playlist.m3u8?zjild
磐石,http://stream5.jlntv.cn/ps/sd/live.m3u8?zjild
自然传奇,http://newcntv.qcloudcdn.com/asp/hls/1200/0303000a/3/default/81a1ad3a661748bfb8560c92d38204ca/1200.m3u8
舒兰新闻,http://stream8.jlntv.cn/shulan/sd/live.m3u8?zjild
辉南新闻,http://stream5.jlntv.cn/hn/sd/live.m3u8?zjild
通化县,http://stream5.jlntv.cn/thx/sd/live.m3u8?zjild
靖宇,http://stream8.jlntv.cn/jytv/sd/live.m3u8?zjild
飞碟之谜01,https://hls.cntv.lxdns.com/asp/hls/2000/0303000a/3/default/f0a47e155d32450daa1d36a04fd7d262/2000.m3u8
飞碟之谜02,https://newcntv.qcloudcdn.com/asp/hls/2000/0303000a/3/default/d2454bbb542d4613a9db478dab2addfd/2000.m3u8
龙井,http://stream8.jlntv.cn/ljtv/sd/live.m3u8?zjild
精品体育,https://epg.pw/stream/f7556eccd4ae06b0c2991fdc7a4f8388496559f728cc82459a8e50346040e226.m3u8
广东体育,http://218.13.170.98:9901/tsfile/live/0019_1.m3u8
纬来体育,https://epg.pw/stream/8855a9936e37e608a0ec8a014cce1673dee9c5d68d560da376cc92e5edef2b25.m3u8
安徽综艺体育,http://112.27.235.94:8000/hls/25/index.m3u8
漫画解说,https://www.goodiptv.club/douyu/5907076
AMC音乐,https://AMChls.wns.live/hls/stream.m3u8
音乐欣赏,http://61.221.215.25:8800/hls/49/index.m3u8
音乐现场,https://satellitepull.cnr.cn/live/wx32nmgyygb/playlist.m3u8
1987年春晚,https://txmov2.a.kwimgs.com/bs3/video-hls/5195746663405928031_hlsb.m3u8
1988年春晚,https://txmov2.a.kwimgs.com/bs3/video-hls/5216575810935394655_hlsb.m3u8
1989年春晚,https://txmov2.a.kwimgs.com/bs3/video-hls/5194620763762726260_hlsb.m3u8
1993年春晚,https://alimov2.a.kwimgs.com/upic/2023/01/13/22/BMjAyMzAxMTMyMjEwMDNfNDAzMDAxOTlfOTM1MTIzMzYwODJfMF8z_b_B647d10e431b4cc5e48e6c77347d69021.mp4
1994年春晚,https://alimov2.a.kwimgs.com/upic/2023/01/13/22/BMjAyMzAxMTMyMjEwMDNfNDAzMDAxOTlfOTM1MTIzMzYxMjNfMF8z_b_B3dde97f36273f04403d4dc5eec611a35.mp4
1995年春晚,https://alimov2.a.kwimgs.com/upic/2023/01/13/20/BMjAyMzAxMTMyMDA5MjJfNDAzMDAxOTlfOTM0OTkwNDQwNzVfMF8z_b_B811c0dec6b9a3d3074a18522c185010a.mp4
1996年春晚,https://alimov2.a.kwimgs.com/upic/2023/01/13/22/BMjAyMzAxMTMyMjEwMDNfNDAzMDAxOTlfOTM1MTIzMzYxNTJfMF8z_b_Bd841eae10ab1c9955ef55fbedfae6c45.mp4
2000年春晚,https://alimov2.a.kwimgs.com/upic/2023/01/13/21/BMjAyMzAxMTMyMTE4MzRfNDAzMDAxOTlfOTM1MDY4ODIxMTNfMF8z_b_Bdddf4e7ef0ff6cfd477857bb40e78419.mp4
2001年春晚,https://alimov2.a.kwimgs.com/upic/2023/01/13/20/BMjAyMzAxMTMyMDA5MjJfNDAzMDAxOTlfOTM0OTkwNDQyMDFfMF8z_b_B70592cb7c4054e9cabb675e849bbf4bd.mp4
2002年春晚,https://alimov2.a.kwimgs.com/upic/2023/01/13/21/BMjAyMzAxMTMyMTE4MzRfNDAzMDAxOTlfOTM1MDY4ODIxNDdfMF8z_b_Ba6271d10b7e6cfae83759033a091f257.mp4
2003年春晚,https://alimov2.a.kwimgs.com/upic/2023/01/14/23/BMjAyMzAxMTQyMzQxNDdfNDAzMDAxOTlfOTM2MTU0MTk1NDFfMF8z_b_B182749d2cd2ea9323639254af385f24b.mp4
2004年春晚,https://alimov2.a.kwimgs.com/upic/2023/01/13/21/BMjAyMzAxMTMyMTE4MzRfNDAzMDAxOTlfOTM1MDY4ODIxOTVfMF8z_b_B86c4430b82ff5a7f4e8132f6ee558536.mp4
2005年春晚,https://alimov2.a.kwimgs.com/upic/2023/01/13/20/BMjAyMzAxMTMyMDA5MjJfNDAzMDAxOTlfOTM0OTkwNDQyMzhfMF8z_b_B35ad7cc86aec8fc9e5ddfb31fc7bed63.mp4
2006年春晚,https://alimov2.a.kwimgs.com/upic/2023/01/13/20/BMjAyMzAxMTMyMDA5MjJfNDAzMDAxOTlfOTM0OTkwNDQyNzlfMF8z_b_Bbc3703fc331dc994c50859c19aad28ff.mp4
2007年春晚,https://alimov2.a.kwimgs.com/upic/2023/01/13/20/BMjAyMzAxMTMyMDA5MjJfNDAzMDAxOTlfOTM0OTkwNDQzMjNfMF8z_b_B00b069c7899976459ceeaa99353dfefe.mp4
2009年春晚,https://alimov2.a.kwimgs.com/upic/2023/01/13/20/BMjAyMzAxMTMyMDA5MjJfNDAzMDAxOTlfOTM0OTkwNDQzOTBfMF8z_b_B29a36a85e0277f6c2a1f033ef7c10708.mp4
2010年春晚,https://alimov2.a.kwimgs.com/upic/2023/01/13/20/BMjAyMzAxMTMyMDA5MjJfNDAzMDAxOTlfOTM0OTkwNDQ0MjlfMF8z_b_B8818807a00eed329a69fb494f405bd43.mp4
2013年春晚,https://alimov2.a.kwimgs.com/upic/2023/01/13/20/BMjAyMzAxMTMyMDA5MjJfNDAzMDAxOTlfOTM0OTkwNDQ1NjNfMF8z_b_B4fea55408dca4471a68a963ae096be59.mp4
2014年春晚,https://alimov2.a.kwimgs.com/upic/2023/01/06/16/BMjAyMzAxMDYxNjMxMTNfNDAzMDAxOTlfOTI4OTY2ODAzNjlfMF8z_b_Bdee65c77f9e7b2120a185c919dad81d2.mp4
2018年春晚,https://alimov2.a.kwimgs.com/upic/2023/01/06/16/BMjAyMzAxMDYxNjMxMTRfNDAzMDAxOTlfOTI4OTY2ODE2MTBfMF8z_b_B11a778e34390a21de42d407e94f45b91.mp4
2024年春晚,https://p2.bdstatic.com/rtmp.liveshow.lss-user.baidubce.com/live/stream_bduid_6488563992_8982723413/merged_1707497046297_88536_25144_41936.m3u8
2025年春晚,https://svip.high24-playback.com/20250129/17159_7bca93c4/2000k/hls/mixed.m3u8
中央电视塔东,https://gcalic.v.myalicdn.com/gc/ztd_1/index.m3u8
中央电视塔南,https://gcalic.v.myalicdn.com/gc/ztn_1/index.m3u8
丽江古城万古楼遥望玉龙雪山,https://gcalic.v.myalicdn.com/gc/ljgcwglytylxs_1/index.m3u8
丽江古城大水车,https://gcalic.v.myalicdn.com/gc/ljgcdsc_1/index.m3u8
丽江古城大研花巷观景,https://gcalic.v.myalicdn.com/gc/ljgcdyhxgjt_1/index.m3u8
乌镇全景,https://gcalic.v.myalicdn.com/gc/zjwzblt_1/index.m3u8
乌镇蓝印花布,https://gcalic.v.myalicdn.com/gc/zjwzlyhb_1/index.m3u8
乌镇西市河,https://gcalic.v.myalicdn.com/gc/zjwzbblh_1/index.m3u8
乌镇龙形田,https://gcalic.v.myalicdn.com/gc/zjwzlxt_1/index.m3u8
乐山大佛全景,https://gcalic.v.myalicdn.com/gc/lsdfgfl_1/index.m3u8
云南丽江冰川,https://gcalic.v.myalicdn.com/gc/hkylxs05_1/index.m3u8
云南丽江印象实景,https://gcalic.v.myalicdn.com/gc/hkylxs01_1/index.m3u8
云南丽江玉龙雪山,https://gcalic.v.myalicdn.com/gc/ylxs11_1/index.m3u8
云南丽江玉龙雪山草甸,https://gcalic.v.myalicdn.com/gc/hkylxs06_1/index.m3u8
云南丽江蓝月谷,https://gcalic.v.myalicdn.com/gc/ylxs12_1/index.m3u8
云南大理崇圣寺三塔中景,https://gcalic.v.myalicdn.com/gc/dlst03_1/index.m3u8
云南大理崇圣寺三塔远景,https://gcalic.v.myalicdn.com/gc/dlst01_1/index.m3u8
云南白沙远眺玉龙雪山,https://gcalic.v.myalicdn.com/gc/hkylxs03_1/index.m3u8
五彩池,https://gcalic.v.myalicdn.com/gc/hlwcc_1/index.m3u8
八里沟风景区天界山玻璃栈道,https://gcalic.v.myalicdn.com/gc/blg03_1/index.m3u8
八里沟风景区桃花湾瀑布,https://gcalic.v.myalicdn.com/gc/blg05_1/index.m3u8
六盘山红军长征景区,https://gcalic.v.myalicdn.com/gc/lpsgmjng01_1/index.m3u8
南京玄武湖公园,https://gcalic.v.myalicdn.com/gc/xwh01_1/index.m3u8
厦门鼓浪屿,https://gcalic.v.myalicdn.com/gc/gly01_1/index.m3u8
四川四姑娘山隆珠措,https://gcalic.v.myalicdn.com/gc/sgns02_1/index.m3u8
四川峨眉山云海日出,https://gcalic.v.myalicdn.com/gc/emsarm_1/index.m3u8
四川峨眉山普贤菩萨铜像,https://gcalic.v.myalicdn.com/gc/emspxps_1/index.m3u8
四川峨眉山远眺万佛顶,https://gcalic.v.myalicdn.com/gc/emswfs_1/index.m3u8
四川峨眉山远眺贡嘎雪山,https://gcalic.v.myalicdn.com/gc/emsyh_1/index.m3u8
天涯石,https://gcalic.v.myalicdn.com/gc/tyhjtys_1/index.m3u8
安徽池州九华山风景区九华山,https://gcalic.v.myalicdn.com/gc/jhs05_1/index.m3u8
安徽黟县芦村远眺,https://gcalic.v.myalicdn.com/gc/yxlcyt_1/index.m3u8
安徽黟县西递牌坊,https://gcalic.v.myalicdn.com/gc/yxxdpf_1/index.m3u8
广西桂林漓江景区,https://gcalic.v.myalicdn.com/gc/gllj01_1/index.m3u8
广西玉林大容山莲花山顶,https://gcalic.v.myalicdn.com/gc/drs01_1/index.m3u8
张掖七彩丹霞,https://gcalic.v.myalicdn.com/gc/zyqcdx01_1/index.m3u8
恒山悬空寺全景,https://gcalic.v.myalicdn.com/gc/hsxksqj_1/index.m3u8
新疆天山,http://gctxyc.liveplay.myqcloud.com/gc/xjtcdhsz_1/index.m3u8
普陀山,https://gcalic.v.myalicdn.com/gc/pts01_1/index.m3u8
月牙泉,https://gcalic.v.myalicdn.com/gc/dhyyqsm_1/index.m3u8
望乡台,https://gcalic.v.myalicdn.com/gc/hlwxt_1/index.m3u8
江苏南京牛首山,https://gcalic.v.myalicdn.com/gc/nss01_1/index.m3u8
江苏徐州云龙湖风景区云龙山观景台西,https://gcalic.v.myalicdn.com/gc/ylh04_1/index.m3u8
泰山主峰,https://gcalic.v.myalicdn.com/gc/taishan01_1/index.m3u8
泰山十八盘,https://gcalic.v.myalicdn.com/gc/taishan05_1/index.m3u8
泰山南天门,https://gcalic.v.myalicdn.com/gc/hkts07_1/index.m3u8
泰山大观峰,https://gcalic.v.myalicdn.com/gc/taishan03_1/index.m3u8
泰山太平岭,https://gcalic.v.myalicdn.com/gc/hkts09_1/index.m3u8
泰山望人松,https://gcalic.v.myalicdn.com/gc/taishan02_1/index.m3u8
泰山玉皇顶,https://gcalic.v.myalicdn.com/gc/taishan06_1/index.m3u8
泰山白云亭悬崖,https://gcalic.v.myalicdn.com/gc/hkts02_1/index.m3u8
泰山碧霞祠,https://gcalic.v.myalicdn.com/gc/hkts03_1/index.m3u8
浙江舟山东极岛,https://gcalic.v.myalicdn.com/gc/djd01_1/index.m3u8
湖南张家界天门山西线玻璃栈道,https://gcalic.v.myalicdn.com/gc/tms05_1/index.m3u8
湖南张家界宝峰湖,https://gcalic.v.myalicdn.com/gc/zjjbfh_1/index.m3u8
湖南张家界御笔峰,https://gcalic.v.myalicdn.com/gc/zjjybf_1/index.m3u8
湖南张家界水绕四门,https://gcalic.v.myalicdn.com/gc/zjjsrsm_1/index.m3u8
狮子山鸟瞰丽江古城,https://gcalic.v.myalicdn.com/gc/ljgcszsnkgc_1/index.m3u8
直播中国,https://gcalic.v.myalicdn.com/gc/wgw05_1/index.m3u8?contentid=2820180516001
直播中国精编直播,https://gcalic.v.myalicdn.com/gc/wgw05_1/index.m3u8
福建武夷山玉女峰,https://gcalic.v.myalicdn.com/gc/wysynf_1/index.m3u8
福建漳州醉美沙滩翡翠湾,https://gcalic.v.myalicdn.com/gc/fcw03_1/index.m3u8
贵州省兴义市万峰林,https://gcalic.v.myalicdn.com/gc/xywfl_1/index.m3u8
都江堰鱼嘴,https://gcalic.v.myalicdn.com/gc/djyqyl1_1/index.m3u8
陕西洋县国宝朱鹮02,https://gcalic.v.myalicdn.com/gc/zh02_1/index.m3u8
雪乡大石碑,https://gcalic.v.myalicdn.com/gc/mdjxxdsb_1/index.m3u8
雪乡梦幻家园,https://gcalic.v.myalicdn.com/gc/mdjxxmhjyxj_1/index.m3u8
青岛崂山八水河,https://gcalic.v.myalicdn.com/gc/qdls02_1/index.m3u8
青岛崂山双福,https://gcalic.v.myalicdn.com/gc/qdls03_1/index.m3u8
鸣沙山,https://gcalic.v.myalicdn.com/gc/dhyyqst_1/index.m3u8
黄山,https://gcalic.v.myalicdn.com/gc/ahhs01_1/index.m3u8
黄山始信新道,https://gcalic.v.myalicdn.com/gc/hsyg_1/index.m3u8
黄山排云亭,https://gcalic.v.myalicdn.com/gc/hspyt_1/index.m3u8
黄山飞来石,https://gcalic.v.myalicdn.com/gc/hsptgy_1/index.m3u8
黄果树六角亭瀑布,https://gcalic.v.myalicdn.com/gc/hgsspzxdpb_1/index.m3u8
黄花城水长城01,https://gcalic.v.myalicdn.com/gc/wgw01_1/index.m3u8
黄花城水长城02,http://gctxyc.liveplay.myqcloud.com/gc/wgw02_1/index.m3u8
黄花城水长城03,https://gcalic.v.myalicdn.com/gc/wgw03_1/index.m3u8
黄龙,https://gcalic.v.myalicdn.com/gc/hlzycc_1/index.m3u8
2026-06-22 06:38:04,https://vd2.bdstatic.com/mda-sctj0f6r4u1bpebc/1080p/cae_h264/1774706523506678171/mda-sctj0f6r4u1bpebc.mp4
更新日期: 2026-4-4 08:38:45,http://play.kankanlive.com/live/1698234869325962.m3u8
兵团卫视,https://hlsbkmgsplive.miguvideo.com/migu/kailu/btws/51/20250804/01.m3u8?&HlsSubType=&encrypt=
广东影视,https://hlsbkmgsplive.miguvideo.com/wd_r1/2018/nfmedia/nfys/1000/01.m3u8?&HlsSubType=&encrypt=
长沙县新闻综合,https://liveplay-srs.voc.com.cn/hls/tv/203_10cdf5.m3u8
衡山综合,https://liveplay-srs.voc.com.cn/hls/tv/161_8d2e76.m3u8
龙山综合,https://liveplay-srs.voc.com.cn/hls/tv/146_f067fe.m3u8
平江综合,https://liveplay-srs.voc.com.cn/hls/tv/168_ce2a0c.m3u8
津市综合,https://liveplay-srs.voc.com.cn/hls/tv/187_2abf84.m3u8
花垣综合,https://liveplay-srs.voc.com.cn/hls/tv/134_d590ee.m3u8
临武综合,https://liveplay-srs.voc.com.cn/hls/tv/148_feda2f.m3u8
桂东融媒,https://liveplay-srs.voc.com.cn/hls/tv/174_6ab9f8.m3u8
衡阳县电视台,https://liveplay-srs.voc.com.cn/hls/tv/183_554704.m3u8
新化电视台,https://liveplay-srs.voc.com.cn/hls/tv/170_49c556.m3u8
桂阳新闻综合,https://liveplay-srs.voc.com.cn/hls/tv/7_7c833e.m3u8
屈原融媒体,https://liveplay-srs.voc.com.cn/hls/tv/167_0d6151.m3u8
新邵新闻综合,https://liveplay-srs.voc.com.cn/hls/tv/171_daca67.m3u8
耒阳电视台,https://liveplay-srs.voc.com.cn/hls/tv/27_e9e1e5.m3u8
永兴电视台,https://liveplay-srs.voc.com.cn/hls/tv/40_1d0ed0.m3u8
沅江电视台,https://liveplay-srs.voc.com.cn/hls/tv/163_2c7011.m3u8
蓝山电视台,https://liveplay-srs.voc.com.cn/hls/tv/26_370917.m3u8
芷江综合,https://liveplay-srs.voc.com.cn/hls/tv/20_68acda.m3u8
靖州综合,https://liveplay-srs.voc.com.cn/hls/tv/34_5156ed.m3u8
双峰电视台,https://liveplay-srs.voc.com.cn/hls/tv/131_acfb72.m3u8
嘉禾新闻综合,https://liveplay-srs.voc.com.cn/hls/tv/184_e3af1a.m3u8
城步电视台,https://liveplay-srs.voc.com.cn/hls/tv/169_b4d7a4.m3u8
衡东电视台,https://liveplay-srs.voc.com.cn/hls/tv/180_60f888.m3u8
汝城台,https://liveplay-srs.voc.com.cn/hls/tv/149_40cf24.m3u8
中方台,https://liveplay-srs.voc.com.cn/hls/tv/18_3aa230.m3u8
吉首综合,https://liveplay-srs.voc.com.cn/hls/tv/143_70175b.m3u8
安化综合,https://liveplay-srs.voc.com.cn/hls/tv/204_16cb0f.m3u8
古丈1,https://liveplay-srs.voc.com.cn/hls/tv/144_4efb38.m3u8
浙江少儿,http://ali-xwl.cztv.com/live/channel081080Plxw.m3u8
浙江少儿,http://ali-xwl.cztv.com/live/channel08720Plxw.m3u8
浙江钱江都市,http://ali-xwl.cztv.com/live/channel021080Plxw.m3u8
浙江钱江都市,http://ali-xwl.cztv.com/live/channel02720Plxw.m3u8
浙江经济生活,http://ali-xwl.cztv.com/live/channel031080Plxw.m3u8
浙江经济生活,http://ali-xwl.cztv.com/live/channel03720Plxw.m3u8
浙江民生休闲,http://ali-xwl.cztv.com/live/channel061080Plxw.m3u8
浙江民生休闲,http://ali-xwl.cztv.com/live/channel06720Plxw.m3u8
浙江新闻,http://ali-xwl.cztv.com/live/channel071080Plxw.m3u8
浙江新闻,http://ali-xwl.cztv.com/live/channel07720Plxw.m3u8
浙江教科影视,http://ali-xwl.cztv.com/live/channel041080Plxw.m3u8
浙江教科影视,http://ali-xwl.cztv.com/live/channel04720Plxw.m3u8
浙江国际,http://ali-xwl.cztv.com/live/channel101080Plxw.m3u8
浙江国际,http://ali-xwl.cztv.com/live/channel10720Plxw.m3u8
嵊州综合,http://l.cztvcloud.com/channels/lantian/SXshengzhou1/720p.m3u8
象山综合,http://l.cztvcloud.com/channels/lantian/SXxiangshan1/720p.m3u8
新昌综合,http://l.cztvcloud.com/channels/lantian/SXxinchang1/720p.m3u8
平湖新闻综合,http://l.cztvcloud.com/channels/lantian/SXpinghu1/720p.m3u8
平湖民生休闲,http://l.cztvcloud.com/channels/lantian/SXpinghu2/720p.m3u8
青田电视台,http://l.cztvcloud.com/channels/lantian/SXqingtian1/720p.m3u8
余姚新闻综合,http://l.cztvcloud.com/channels/lantian/SXyuyao1/720p.m3u8
萧山综合,http://l.cztvcloud.com/channels/lantian/SXxiaoshan1/720p.m3u8
萧山生活,http://l.cztvcloud.com/channels/lantian/SXxiaoshan2/720p.m3u8
上虞新闻综合,http://l.cztvcloud.com/channels/lantian/SXshangyu1/720p.m3u8
上虞文化影视,http://l.cztvcloud.com/channels/lantian/SXshangyu2/720p.m3u8
普陀电视台,http://l.cztvcloud.com/channels/lantian/SXputuo1/720p.m3u8
庆元电视台,http://l.cztvcloud.com/channels/lantian/SXqingyuan1/720p.m3u8
东阳影视生活,http://l.cztvcloud.com/channels/lantian/SXdongyang1/720p.m3u8
兰溪新闻综合,http://l.cztvcloud.com/channels/lantian/SXlanxi1/720p.m3u8
缙云新闻综合,http://l.cztvcloud.com/channels/lantian/SXjinyun1/720p.m3u8
龙泉电视台,http://l.cztvcloud.com/channels/lantian/SXlongquan1/720p.m3u8
哈尔滨新闻综合,https://rmplive.hljtv.com/live/haerbin.m3u8
哈尔滨新闻综合,https://stream.hrbtv.net/xwzh/sd/live.m3u8
哈尔滨新闻综合,http://stream.hrbtv.net/xwzh/sd/live.m3u8
哈尔滨生活,https://stream.hrbtv.net/shpd/sd/live.m3u8
哈尔滨生活,http://stream.hrbtv.net/shpd/sd/live.m3u8
哈尔滨资讯,https://stream.hrbtv.net/zxpd/sd/live.m3u8
哈尔滨娱乐,http://stream.hrbtv.net/ylpd/sd/live.m3u8
哈尔滨影视,https://stream.hrbtv.net/yspd/sd/live.m3u8
哈尔滨影视,http://stream.hrbtv.net/yspd/sd/live.m3u8
伊春综合,https://masterpull.hljtv.com/live/vQtnS3vX.m3u8
伊春综合,https://rmplive.hljtv.com/live/yichun.m3u8
漠河综合,https://masterpull.hljtv.com/live/rlVvbTZN.m3u8
大庆新闻综合,https://masterpull.hljtv.com/live/4WdrZLCq.m3u8
东宁综合,https://masterpull.hljtv.com/live/UQdxnsw8.m3u8
黑河新闻综合,https://masterpull.hljtv.com/live/iyoENgSP.m3u8
鹤岗综合,https://masterpull.hljtv.com/live/rApKWXbX.m3u8
鹤岗综合,https://rmplive.hljtv.com/live/hegang.m3u8
富锦综合,https://masterpull.hljtv.com/live/wOBN3GqO.m3u8
尚志电视台,https://masterpull.hljtv.com/live/EQnKvoc9.m3u8
佳木斯新闻综合,https://masterpull.hljtv.com/live/l9wQtsVs.m3u8
齐齐哈尔新闻综合,https://masterpull.hljtv.com/live/dUi8b96l.m3u8
齐齐哈尔新闻综合,https://rmplive.hljtv.com/live/qiqihaer.m3u8
七台河新闻综合,https://masterpull.hljtv.com/live/9FZ7k2XF.m3u8
七台河新闻综合,https://rmplive.hljtv.com/live/qitaihe.m3u8
勃利综合,https://masterpull.hljtv.com/live/6rx9bifO.m3u8
绥化新闻综合,https://masterpull.hljtv.com/live/v4o2g1hs.m3u8
绥化新闻综合,https://rmplive.hljtv.com/live/suihua.m3u8
安达综合,https://masterpull.hljtv.com/live/FsGxlDZQ.m3u8
海伦市综合,https://masterpull.hljtv.com/live/VFNlgeFO.m3u8
大兴安岭新闻综合,https://masterpull.hljtv.com/live/H2kVyS15.m3u8
大兴安岭新闻综合,https://rmplive.hljtv.com/live/daxinganling.m3u8
陕西新闻资讯,http://gxlive.snrtv.com/sx1-SD.m3u8
陕西都市青春,http://gxlive.snrtv.com/sx2-SD.m3u8
陕西银龄,http://gxlive.snrtv.com/sx3-SD.m3u8
陕西秦腔,http://gxlive.snrtv.com/sx5-SD.m3u8
陕西体育休闲,http://gxlive.snrtv.com/sx7-SD.m3u8
农林卫视,http://gxlive.snrtv.com/nlws-SD.m3u8
陕西西部电影,http://gxlive.snrtv.com/sx8-SD.m3u8
腾冲综合,http://live.ynurl.com/video/s10012-TCTV/index.m3u8
砚山县电视台,http://live.ynurl.com/video/s10020-ystv-zb/index.m3u8
西畴县电视台,http://live.ynurl.com/video/s10060-XCTV/index.m3u8
马关县电视台,http://live.ynurl.com/video/s10046-001/index.m3u8
广南县电视台,http://live.ynurl.com/video/s10031-gnxgbds/index.m3u8
芒市综合,http://live.ynurl.com/video/s10001-mstv1/index.m3u8
盈江综合,http://live.ynurl.com/video/s10016-yjtv1hd/index.m3u8
开远综合,http://live.ynurl.com/video/s10044-KYTV/index.m3u8
绿春综合,http://live.ynurl.com/video/s10042-LCTV/index.m3u8
施甸综合,http://live.ynurl.com/video/s10048-SDTV/index.m3u8
金平综合,http://live.ynurl.com/video/s10041-JPTV/index.m3u8
建水综合,http://live.ynurl.com/video/s10045-JSTV/index.m3u8
石屏综合,http://live.ynurl.com/video/s10059-SPTV/index.m3u8
蒙自电视台,http://live.ynurl.com/video/s10019-mzdst/index.m3u8
昌宁县电视台,http://live.ynurl.com/video/s10047-cntv/index.m3u8
海峡卫视,https://hlsbkmgsplive.miguvideo.com/migu/kailu/haixiaws/51/20230724/01.m3u8?&HlsSubType=&encrypt=
济源综合,http://tvpull.dxhmt.cn:9081/tv/19001-1.m3u8
济源综合,http://live.dxhmt.cn:9081/tv/19001-1.m3u8
兰考综合,http://tvpull.dxhmt.cn:9081/tv/10225-1.m3u8
兰考综合,http://live.dxhmt.cn:9081/tv/10225-1.m3u8
伊川综合,http://tvpull.dxhmt.cn:9081/tv/10329-1.m3u8
伊川综合,http://live.dxhmt.cn:9081/tv/10329-1.m3u8
长垣综合,http://tvpull.dxhmt.cn:9081/tv/10728-1.m3u8
长垣综合,http://live.dxhmt.cn:9081/tv/10728-1.m3u8
开封新闻,http://tvpull.dxhmt.cn:9081/tv/10200-2.m3u8
开封新闻,http://live.dxhmt.cn:9081/tv/10200-2.m3u8
开封文化旅游,http://tvpull.dxhmt.cn:9081/tv/10200-3.m3u8
开封文化旅游,http://live.dxhmt.cn:9081/tv/10200-3.m3u8
内黄综合,http://tvpull.dxhmt.cn:9081/tv/10527-1.m3u8
内黄综合,http://live.dxhmt.cn:9081/tv/10527-1.m3u8
新县电视台,http://tvpull.dxhmt.cn:9081/tv/11523-1.m3u8
新县电视台,http://live.dxhmt.cn:9081/tv/11523-1.m3u8
淇县电视台,http://tvpull.dxhmt.cn:9081/tv/10622-1.m3u8
淇县电视台,http://live.dxhmt.cn:9081/tv/10622-1.m3u8
汤阴综合,http://tvpull.dxhmt.cn:9081/tv/10523-1.m3u8
汤阴综合,http://live.dxhmt.cn:9081/tv/10523-1.m3u8
新乡县综合,http://tvpull.dxhmt.cn:9081/tv/10721-1.m3u8
新乡县综合,http://live.dxhmt.cn:9081/tv/10721-1.m3u8
舞钢综合,http://tvpull.dxhmt.cn:9081/tv/10481-1.m3u8
舞钢综合,http://live.dxhmt.cn:9081/tv/10481-1.m3u8
灵宝新闻综合,http://tvpull.dxhmt.cn:9081/tv/11282-1.m3u8
灵宝新闻综合,http://live.dxhmt.cn:9081/tv/11282-1.m3u8
淮滨综合,http://tvpull.dxhmt.cn:9081/tv/11527-1.m3u8
淮滨综合,http://live.dxhmt.cn:9081/tv/11527-1.m3u8
光山综合,http://tvpull.dxhmt.cn:9081/tv/11522-1.m3u8
光山综合,http://live.dxhmt.cn:9081/tv/11522-1.m3u8
滑县TV1,http://tvpull.dxhmt.cn:9081/tv/10526-1.m3u8
滑县TV1,http://live.dxhmt.cn:9081/tv/10526-1.m3u8
滑县TV2,http://tvpull.dxhmt.cn:9081/tv/10526-2.m3u8
滑县TV2,http://live.dxhmt.cn:9081/tv/10526-2.m3u8
清丰电视台,http://tvpull.dxhmt.cn:9081/tv/10922-1.m3u8
清丰电视台,http://live.dxhmt.cn:9081/tv/10922-1.m3u8
通许综合,http://tvpull.dxhmt.cn:9081/tv/10222-1.m3u8
通许综合,http://live.dxhmt.cn:9081/tv/10222-1.m3u8
沈丘新闻综合,http://tvpull.dxhmt.cn:9081/tv/11624-1.m3u8
沈丘新闻综合,http://live.dxhmt.cn:9081/tv/11624-1.m3u8
桐柏新闻综合,http://tvpull.dxhmt.cn:9081/tv/11330-1.m3u8
桐柏新闻综合,http://live.dxhmt.cn:9081/tv/11330-1.m3u8
夏邑综合,http://tvpull.dxhmt.cn:9081/tv/11426-1.m3u8
夏邑综合,http://live.dxhmt.cn:9081/tv/11426-1.m3u8
平兴新闻综合,http://tvpull.dxhmt.cn:9081/tv/11723-1.m3u8
平兴新闻综合,http://live.dxhmt.cn:9081/tv/11723-1.m3u8
偃师新闻,http://tvpull.dxhmt.cn:9081/tv/10381-1.m3u8
偃师新闻,http://live.dxhmt.cn:9081/tv/10381-1.m3u8
上街电视台,http://tvpull.dxhmt.cn:9081/tv/10106-1.m3u8
上街电视台,http://live.dxhmt.cn:9081/tv/10106-1.m3u8
沁阳新闻综合,http://tvpull.dxhmt.cn:9081/tv/10882-1.m3u8
沁阳新闻综合,http://live.dxhmt.cn:9081/tv/10882-1.m3u8
项城电视台,http://tvpull.dxhmt.cn:9081/tv/11681-1.m3u8
项城电视台,http://live.dxhmt.cn:9081/tv/11681-1.m3u8
汝阳新闻综合,http://tvpull.dxhmt.cn:9081/tv/10326-1.m3u8
汝阳新闻综合,http://live.dxhmt.cn:9081/tv/10326-1.m3u8
新安新闻综合,http://tvpull.dxhmt.cn:9081/tv/10323-1.m3u8
新安新闻综合,http://live.dxhmt.cn:9081/tv/10323-1.m3u8
罗山电视台,http://tvpull.dxhmt.cn:9081/tv/11521-1.m3u8
罗山电视台,http://live.dxhmt.cn:9081/tv/11521-1.m3u8
潢川电视台,http://tvpull.dxhmt.cn:9081/tv/11526-1.m3u8
潢川电视台,http://live.dxhmt.cn:9081/tv/11526-1.m3u8
上蔡1,http://tvpull.dxhmt.cn:9081/tv/11722-1.m3u8
上蔡1,http://live.dxhmt.cn:9081/tv/11722-1.m3u8
确山电视台1,http://live.dxhmt.cn:9081/tv/11725-1.m3u8
荥阳1,http://tvpull.dxhmt.cn:9081/tv/10182-1.m3u8
荥阳1,http://live.dxhmt.cn:9081/tv/10182-1.m3u8
温县融媒,http://tvpull.dxhmt.cn:9081/tv/10825-1.m3u8
温县融媒,http://live.dxhmt.cn:9081/tv/10825-1.m3u8
建安新闻,http://tvpull.dxhmt.cn:9081/tv/11003-1.m3u8
建安新闻,http://live.dxhmt.cn:9081/tv/11003-1.m3u8
封丘新闻综合,http://tvpull.dxhmt.cn:9081/tv/10727-1.m3u8
封丘新闻综合,http://live.dxhmt.cn:9081/tv/10727-1.m3u8
林州电视台,http://tvpull.dxhmt.cn:9081/tv/10581-1.m3u8
林州电视台,http://live.dxhmt.cn:9081/tv/10581-1.m3u8
鄢陵综合,http://tvpull.dxhmt.cn:9081/tv/11024-1.m3u8
鄢陵综合,http://live.dxhmt.cn:9081/tv/11024-1.m3u8
邓州新闻,http://tvpull.dxhmt.cn:9081/tv/11381-1.m3u8
邓州新闻,http://live.dxhmt.cn:9081/tv/11381-1.m3u8
社旗电视台,http://tvpull.dxhmt.cn:9081/tv/11327-1.m3u8
社旗电视台,http://live.dxhmt.cn:9081/tv/11327-1.m3u8
镇平新闻综合,http://tvpull.dxhmt.cn:9081/tv/11324-1.m3u8
镇平新闻综合,http://live.dxhmt.cn:9081/tv/11324-1.m3u8
孟州1,http://tvpull.dxhmt.cn:9081/tv/10883-1.m3u8
孟州1,http://live.dxhmt.cn:9081/tv/10883-1.m3u8
郏县综合,http://tvpull.dxhmt.cn:9081/tv/10425-1.m3u8
郏县综合,http://live.dxhmt.cn:9081/tv/10425-1.m3u8
浚县电视台,http://tvpull.dxhmt.cn:9081/tv/10621-1.m3u8
浚县电视台,http://live.dxhmt.cn:9081/tv/10621-1.m3u8
舞阳新闻综合,http://tvpull.dxhmt.cn:9081/tv/11121-1.m3u8
舞阳新闻综合,http://live.dxhmt.cn:9081/tv/11121-1.m3u8
渑池新闻综合,http://tvpull.dxhmt.cn:9081/tv/11221-1.m3u8
渑池新闻综合,http://live.dxhmt.cn:9081/tv/11221-1.m3u8
武陟新闻综合,http://tvpull.dxhmt.cn:9081/tv/10823-1.m3u8
武陟新闻综合,http://live.dxhmt.cn:9081/tv/10823-1.m3u8
新郑1,http://tvpull.dxhmt.cn:9081/tv/10184-1.m3u8
新郑1,http://live.dxhmt.cn:9081/tv/10184-1.m3u8
辉县新闻综合,http://tvpull.dxhmt.cn:9081/tv/10782-1.m3u8
辉县新闻综合,http://live.dxhmt.cn:9081/tv/10782-1.m3u8
永城新闻,http://tvpull.dxhmt.cn:9081/tv/11481-1.m3u8
永城新闻,http://live.dxhmt.cn:9081/tv/11481-1.m3u8
禹州综合,http://tvpull.dxhmt.cn:9081/tv/11081-1.m3u8
禹州综合,http://live.dxhmt.cn:9081/tv/11081-1.m3u8
杞县新闻综合,http://tvpull.dxhmt.cn:9081/tv/10221-1.m3u8
杞县新闻综合,http://live.dxhmt.cn:9081/tv/10221-1.m3u8
林颖综合,http://tvpull.dxhmt.cn:9081/tv/11122-1.m3u8
林颖综合,http://live.dxhmt.cn:9081/tv/11122-1.m3u8
宝丰1,http://tvpull.dxhmt.cn:9081/tv/10421-1.m3u8
宝丰1,http://live.dxhmt.cn:9081/tv/10421-1.m3u8
新密新闻频道,http://tvpull.dxhmt.cn:9081/tv/10183-2.m3u8
新密新闻频道,http://live.dxhmt.cn:9081/tv/10183-2.m3u8
嘉峪关综合,https://play.kankanlive.com/live/1658978094528926.m3u8
嘉峪关公共,https://play.kankanlive.com/live/1658978141553927.m3u8
金昌综合,http://play.kankanlive.com/live/1660096574549900.m3u8
金昌综合,http://play.kankanlive.com/live/1660096574549900.flv
张掖新闻,http://play.kankanlive.com/live/1675849013180979.m3u8
张掖新闻,http://play.kankanlive.com/live/1675849013180979.flv
定西综合,https://play.kankanlive.com/live/1675303871634928.m3u8
定西综合,http://play.kankanlive.com/live/1675303871634928.flv
定西文旅生活,http://play.kankanlive.com/live/1675303983674929.m3u8
定西文旅生活,http://play.kankanlive.com/live/1675303983674929.flv
天祝电视台,https://play.kankanlive.com/live/1656487214793905.m3u8
泰安综合,http://play.kankanlive.com/live/1680577080200944.m3u8
泰安综合,http://play.kankanlive.com/live/1680577080200944.flv
静宁新闻综合,https://play.kankanlive.com/live/1658194434596952.m3u8
景泰电视台,https://play.kankanlive.com/live/1624439143745981.m3u8
西和综合,https://play.kankanlive.com/live/1659926941626981.m3u8
古浪综合,http://play.kankanlive.com/live/1647934328544907.m3u8
古浪综合,http://play.kankanlive.com/live/1647934328544907.flv
永昌电视台,https://play.kankanlive.com/live/1652755738635915.m3u8
陇西电视台,https://play.kankanlive.com/live/1669881644081970.m3u8
平川电视台,http://play.kankanlive.com/live/1658907556249918.m3u8
平川电视台,http://play.kankanlive.com/live/1658907556249918.flv
岷县电视台,http://play.kankanlive.com/live/1672715401874967.m3u8
岷县电视台,http://play.kankanlive.com/live/1672715401874967.flv
庄浪电视台,https://play.kankanlive.com/live/1655107221272926.m3u8
金川电视台,http://play.kankanlive.com/live/1657360567739997.m3u8
金川电视台,http://play.kankanlive.com/live/1657360567739997.flv
安定电视台,https://play.kankanlive.com/live/1672881652415978.m3u8
安定电视台,http://play.kankanlive.com/live/1672881652415978.flv
靖远电视台,https://play.kankanlive.com/live/1658390970673988.m3u8
天祝电视台,https://play.kankanlive.com/live/1656487214793905.m3u8
天祝电视台,http://play.kankanlive.com/live/1656487214793905.m3u8
天祝电视台,http://play.kankanlive.com/live/1656487214793905.flv
靖远电视台,https://play.kankanlive.com/live/1658390970673988.m3u8
通渭电视台,http://play.kankanlive.com/live/1661761962676984.m3u8
通渭电视台,http://play.kankanlive.com/live/1661761962676984.flv
秦安电视台,https://play.kankanlive.com/live/1680577080200944.m3u8
秦安电视台,http://play.kankanlive.com/live/1680577080200944.flv
浙江卫视超清,http://ali-xwl.cztv.com/live/channel011080Plxw.m3u8
浙江卫视超清,http://ali-xwl.cztv.com/live/channel01720Plxw.m3u8
江苏卫视超清,http://69.30.246.194/live/jsws.m3u8
江苏卫视超清,https://hlsbkmgsplive.miguvideo.com/migu/kailu/jswshd265/55/20200407/01.m3u8?&HlsSubType=&encrypt=
山东卫视超清,https://hlsbkmgsplive.miguvideo.com/wd_r4/yg/shandongwshd/3000/01.m3u8?&HlsSubType=&encrypt=
山东卫视超清,https://hlsbkmgsplive.miguvideo.com/wd-shandonghd-1200/01.m3u8?&HlsSubType=&encrypt=
辽宁卫视超清,https://hlsbkmgsplive.miguvideo.com/migu/kailu/lnwshd265/54/20200407/01.m3u8?&HlsSubType=&encrypt=
东南卫视超清,https://hlsbkmgsplive.miguvideo.com/migu/kailu/dongnanws/51/20230724/01.m3u8?&HlsSubType=&encrypt=
浙江卫视4K,http://ali-xwl.cztv.com/live/channel4k2160p.m3u8
睛彩广场舞,http://gslbserv.itv.cmvideo.cn:80/3000000020000011523/index.m3u8?channel-id=FifastbLive&Contentid=3000000020000011523&livemode=1&stbId=YanG-1989
睛彩广场舞,http://gslbserv.itv.cmvideo.cn:80/3000000020000011523/index.m3u8?channel-id=FifastbLive&Contentid=3000000020000011523&livemode=1&stbId=BingCha
睛彩竞技,http://gslbserv.itv.cmvideo.cn:80/3000000020000011528/index.m3u8?channel-id=FifastbLive&Contentid=3000000020000011528&livemode=1&stbId=YanG-1989
睛彩竞技,http://gslbserv.itv.cmvideo.cn:80/3000000020000011528/index.m3u8?channel-id=FifastbLive&Contentid=3000000020000011528&livemode=1&stbId=BingCha
睛彩篮球,http://gslbserv.itv.cmvideo.cn:80/3000000020000011529/index.m3u8?channel-id=FifastbLive&Contentid=3000000020000011529&livemode=1&stbId=YanG-1989
睛彩篮球,http://gslbserv.itv.cmvideo.cn:80/3000000020000011529/index.m3u8?channel-id=FifastbLive&Contentid=3000000020000011529&livemode=1&stbId=BingCha
睛彩青少,http://gslbserv.itv.cmvideo.cn:80/3000000020000011525/index.m3u8?channel-id=FifastbLive&Contentid=3000000020000011525&livemode=1&stbId=YanG-1989
睛彩青少,http://gslbserv.itv.cmvideo.cn:80/3000000020000011525/index.m3u8?channel-id=FifastbLive&Contentid=3000000020000011525&livemode=1&stbId=BingCha
咪视界4K-1,http://gslbserv.itv.cmvideo.cn:80/3000000010000005180/index.m3u8?channel-id=FifastbLive&Contentid=3000000010000005180&livemode=1&stbId=YanG-1989
咪视界4K-1,http://gslbserv.itv.cmvideo.cn:80/3000000010000005180/index.m3u8?channel-id=FifastbLive&Contentid=3000000010000005180&livemode=1&stbId=BingCha
咪视界4K-2,http://gslbserv.itv.cmvideo.cn:80/3000000010000015686/index.m3u8?channel-id=FifastbLive&Contentid=3000000010000015686&livemode=1&stbId=YanG-1989
咪视界4K-2,http://gslbserv.itv.cmvideo.cn:80/3000000010000015686/index.m3u8?channel-id=FifastbLive&Contentid=3000000010000015686&livemode=1&stbId=BingCha
咪视界1,http://gslbserv.itv.cmvideo.cn:80/3000000001000005308/index.m3u8?channel-id=FifastbLive&Contentid=3000000001000005308&livemode=1&stbId=YanG-1989
咪视界1,http://gslbserv.itv.cmvideo.cn:80/3000000001000005308/index.m3u8?channel-id=FifastbLive&Contentid=3000000001000005308&livemode=1&stbId=BingCha
咪视界2,http://gslbserv.itv.cmvideo.cn:80/3000000001000005969/index.m3u8?channel-id=FifastbLive&Contentid=3000000001000005969&livemode=1&stbId=YanG-1989
咪视界2,http://gslbserv.itv.cmvideo.cn:80/3000000001000005969/index.m3u8?channel-id=FifastbLive&Contentid=3000000001000005969&livemode=1&stbId=BingCha
咪视界3,http://gslbserv.itv.cmvideo.cn:80/3000000001000007218/index.m3u8?channel-id=FifastbLive&Contentid=3000000001000007218&livemode=1&stbId=YanG-1989
咪视界3,http://gslbserv.itv.cmvideo.cn:80/3000000001000007218/index.m3u8?channel-id=FifastbLive&Contentid=3000000001000007218&livemode=1&stbId=BingCha
咪视界4,http://gslbserv.itv.cmvideo.cn:80/3000000001000008001/index.m3u8?channel-id=FifastbLive&Contentid=3000000001000008001&livemode=1&stbId=YanG-1989
咪视界4,http://gslbserv.itv.cmvideo.cn:80/3000000001000008001/index.m3u8?channel-id=FifastbLive&Contentid=3000000001000008001&livemode=1&stbId=BingCha
咪视界5,http://gslbserv.itv.cmvideo.cn:80/3000000001000008176/index.m3u8?channel-id=FifastbLive&Contentid=3000000001000008176&livemode=1&stbId=YanG-1989
咪视界5,http://gslbserv.itv.cmvideo.cn:80/3000000001000008176/index.m3u8?channel-id=FifastbLive&Contentid=3000000001000008176&livemode=1&stbId=BingCha
咪视界6,http://gslbserv.itv.cmvideo.cn:80/3000000001000008379/index.m3u8?channel-id=FifastbLive&Contentid=3000000001000008379&livemode=1&stbId=YanG-1989
咪视界6,http://gslbserv.itv.cmvideo.cn:80/3000000001000008379/index.m3u8?channel-id=FifastbLive&Contentid=3000000001000008379&livemode=1&stbId=BingCha
咪视界7,http://gslbserv.itv.cmvideo.cn:80/3000000001000010129/index.m3u8?channel-id=FifastbLive&Contentid=3000000001000010129&livemode=1&stbId=YanG-1989
咪视界7,http://gslbserv.itv.cmvideo.cn:80/3000000001000010129/index.m3u8?channel-id=FifastbLive&Contentid=3000000001000010129&livemode=1&stbId=BingCha
咪视界8,http://gslbserv.itv.cmvideo.cn:80/3000000001000010948/index.m3u8?channel-id=FifastbLive&Contentid=3000000001000010948&livemode=1&stbId=YanG-1989
咪视界8,http://gslbserv.itv.cmvideo.cn:80/3000000001000010948/index.m3u8?channel-id=FifastbLive&Contentid=3000000001000010948&livemode=1&stbId=BingCha
咪视界9,http://gslbserv.itv.cmvideo.cn:80/3000000001000028638/index.m3u8?channel-id=FifastbLive&Contentid=3000000001000028638&livemode=1&stbId=YanG-1989
咪视界9,http://gslbserv.itv.cmvideo.cn:80/3000000001000028638/index.m3u8?channel-id=FifastbLive&Contentid=3000000001000028638&livemode=1&stbId=BingCha
咪视界10,http://gslbserv.itv.cmvideo.cn:80/3000000001000031494/index.m3u8?channel-id=FifastbLive&Contentid=3000000001000031494&livemode=1&stbId=YanG-1989
咪视界10,http://gslbserv.itv.cmvideo.cn:80/3000000001000031494/index.m3u8?channel-id=FifastbLive&Contentid=3000000001000031494&livemode=1&stbId=BingCha
咪视界11,http://gslbserv.itv.cmvideo.cn:80/3000000010000000097/index.m3u8?channel-id=FifastbLive&Contentid=3000000010000000097&livemode=1&stbId=YanG-1989
咪视界11,http://gslbserv.itv.cmvideo.cn:80/3000000010000000097/index.m3u8?channel-id=FifastbLive&Contentid=3000000010000000097&livemode=1&stbId=BingCha
咪视界12,http://gslbserv.itv.cmvideo.cn:80/3000000010000002019/index.m3u8?channel-id=FifastbLive&Contentid=3000000010000002019&livemode=1&stbId=YanG-1989
咪视界12,http://gslbserv.itv.cmvideo.cn:80/3000000010000002019/index.m3u8?channel-id=FifastbLive&Contentid=3000000010000002019&livemode=1&stbId=BingCha
咪视界13,http://gslbserv.itv.cmvideo.cn:80/3000000010000002809/index.m3u8?channel-id=FifastbLive&Contentid=3000000010000002809&livemode=1&stbId=YanG-1989
咪视界13,http://gslbserv.itv.cmvideo.cn:80/3000000010000002809/index.m3u8?channel-id=FifastbLive&Contentid=3000000010000002809&livemode=1&stbId=BingCha
咪视界14,http://gslbserv.itv.cmvideo.cn:80/3000000010000003915/index.m3u8?channel-id=FifastbLive&Contentid=3000000010000003915&livemode=1&stbId=YanG-1989
咪视界14,http://gslbserv.itv.cmvideo.cn:80/3000000010000003915/index.m3u8?channel-id=FifastbLive&Contentid=3000000010000003915&livemode=1&stbId=BingCha
咪视界15,http://gslbserv.itv.cmvideo.cn:80/3000000010000004193/index.m3u8?channel-id=FifastbLive&Contentid=3000000010000004193&livemode=1&stbId=YanG-1989
咪视界15,http://gslbserv.itv.cmvideo.cn:80/3000000010000004193/index.m3u8?channel-id=FifastbLive&Contentid=3000000010000004193&livemode=1&stbId=BingCha
咪视界16,http://gslbserv.itv.cmvideo.cn:80/3000000010000005837/index.m3u8?channel-id=FifastbLive&Contentid=3000000010000005837&livemode=1&stbId=YanG-1989
咪视界16,http://gslbserv.itv.cmvideo.cn:80/3000000010000005837/index.m3u8?channel-id=FifastbLive&Contentid=3000000010000005837&livemode=1&stbId=BingCha
咪视界17,http://gslbserv.itv.cmvideo.cn:80/3000000010000006077/index.m3u8?channel-id=FifastbLive&Contentid=3000000010000006077&livemode=1&stbId=YanG-1989
咪视界17,http://gslbserv.itv.cmvideo.cn:80/3000000010000006077/index.m3u8?channel-id=FifastbLive&Contentid=3000000010000006077&livemode=1&stbId=BingCha
咪视界18,http://gslbserv.itv.cmvideo.cn:80/3000000010000006658/index.m3u8?channel-id=FifastbLive&Contentid=3000000010000006658&livemode=1&stbId=YanG-1989
咪视界18,http://gslbserv.itv.cmvideo.cn:80/3000000010000006658/index.m3u8?channel-id=FifastbLive&Contentid=3000000010000006658&livemode=1&stbId=BingCha
咪视界19,http://gslbserv.itv.cmvideo.cn:80/3000000010000009788/index.m3u8?channel-id=FifastbLive&Contentid=3000000010000009788&livemode=1&stbId=YanG-1989
咪视界19,http://gslbserv.itv.cmvideo.cn:80/3000000010000009788/index.m3u8?channel-id=FifastbLive&Contentid=3000000010000009788&livemode=1&stbId=BingCha
咪视界20,http://gslbserv.itv.cmvideo.cn:80/3000000010000010833/index.m3u8?channel-id=FifastbLive&Contentid=3000000010000010833&livemode=1&stbId=YanG-1989
咪视界20,http://gslbserv.itv.cmvideo.cn:80/3000000010000010833/index.m3u8?channel-id=FifastbLive&Contentid=3000000010000010833&livemode=1&stbId=BingCha
咪视界21,http://gslbserv.itv.cmvideo.cn:80/3000000010000011297/index.m3u8?channel-id=FifastbLive&Contentid=3000000010000011297&livemode=1&stbId=YanG-1989
咪视界21,http://gslbserv.itv.cmvideo.cn:80/3000000010000011297/index.m3u8?channel-id=FifastbLive&Contentid=3000000010000011297&livemode=1&stbId=BingCha
咪视界22,http://gslbserv.itv.cmvideo.cn:80/3000000010000011518/index.m3u8?channel-id=FifastbLive&Contentid=3000000010000011518&livemode=1&stbId=YanG-1989
咪视界22,http://gslbserv.itv.cmvideo.cn:80/3000000010000011518/index.m3u8?channel-id=FifastbLive&Contentid=3000000010000011518&livemode=1&stbId=BingCha
咪视界23,http://gslbserv.itv.cmvideo.cn:80/3000000010000012558/index.m3u8?channel-id=FifastbLive&Contentid=3000000010000012558&livemode=1&stbId=YanG-1989
咪视界23,http://gslbserv.itv.cmvideo.cn:80/3000000010000012558/index.m3u8?channel-id=FifastbLive&Contentid=3000000010000012558&livemode=1&stbId=BingCha
咪视界24,http://gslbserv.itv.cmvideo.cn:80/3000000010000012616/index.m3u8?channel-id=FifastbLive&Contentid=3000000010000012616&livemode=1&stbId=YanG-1989
咪视界24,http://gslbserv.itv.cmvideo.cn:80/3000000010000012616/index.m3u8?channel-id=FifastbLive&Contentid=3000000010000012616&livemode=1&stbId=BingCha
咪视界25,http://gslbserv.itv.cmvideo.cn:80/3000000010000015470/index.m3u8?channel-id=FifastbLive&Contentid=3000000010000015470&livemode=1&stbId=YanG-1989
咪视界25,http://gslbserv.itv.cmvideo.cn:80/3000000010000015470/index.m3u8?channel-id=FifastbLive&Contentid=3000000010000015470&livemode=1&stbId=BingCha
咪视界26,http://gslbserv.itv.cmvideo.cn:80/3000000010000015560/index.m3u8?channel-id=FifastbLive&Contentid=3000000010000015560&livemode=1&stbId=YanG-1989
咪视界26,http://gslbserv.itv.cmvideo.cn:80/3000000010000015560/index.m3u8?channel-id=FifastbLive&Contentid=3000000010000015560&livemode=1&stbId=BingCha
咪视界27,http://gslbserv.itv.cmvideo.cn:80/3000000010000017678/index.m3u8?channel-id=FifastbLive&Contentid=3000000010000017678&livemode=1&stbId=YanG-1989
咪视界27,http://gslbserv.itv.cmvideo.cn:80/3000000010000017678/index.m3u8?channel-id=FifastbLive&Contentid=3000000010000017678&livemode=1&stbId=BingCha
咪视界28,http://gslbserv.itv.cmvideo.cn:80/3000000010000019839/index.m3u8?channel-id=FifastbLive&Contentid=3000000010000019839&livemode=1&stbId=YanG-1989
咪视界28,http://gslbserv.itv.cmvideo.cn:80/3000000010000019839/index.m3u8?channel-id=FifastbLive&Contentid=3000000010000019839&livemode=1&stbId=BingCha
咪视界29,http://gslbserv.itv.cmvideo.cn:80/3000000010000021904/index.m3u8?channel-id=FifastbLive&Contentid=3000000010000021904&livemode=1&stbId=YanG-1989
咪视界29,http://gslbserv.itv.cmvideo.cn:80/3000000010000021904/index.m3u8?channel-id=FifastbLive&Contentid=3000000010000021904&livemode=1&stbId=BingCha
咪视界30,http://gslbserv.itv.cmvideo.cn:80/3000000010000023434/index.m3u8?channel-id=FifastbLive&Contentid=3000000010000023434&livemode=1&stbId=YanG-1989
咪视界30,http://gslbserv.itv.cmvideo.cn:80/3000000010000023434/index.m3u8?channel-id=FifastbLive&Contentid=3000000010000023434&livemode=1&stbId=BingCha
咪视界31,http://gslbserv.itv.cmvideo.cn:80/3000000010000025380/index.m3u8?channel-id=FifastbLive&Contentid=3000000010000025380&livemode=1&stbId=YanG-1989
咪视界31,http://gslbserv.itv.cmvideo.cn:80/3000000010000025380/index.m3u8?channel-id=FifastbLive&Contentid=3000000010000025380&livemode=1&stbId=BingCha
咪视界32,http://gslbserv.itv.cmvideo.cn:80/3000000010000027691/index.m3u8?channel-id=FifastbLive&Contentid=3000000010000027691&livemode=1&stbId=YanG-1989
咪视界32,http://gslbserv.itv.cmvideo.cn:80/3000000010000027691/index.m3u8?channel-id=FifastbLive&Contentid=3000000010000027691&livemode=1&stbId=BingCha
咪视界33,http://gslbserv.itv.cmvideo.cn:80/3000000010000031669/index.m3u8?channel-id=FifastbLive&Contentid=3000000010000031669&livemode=1&stbId=YanG-1989
咪视界33,http://gslbserv.itv.cmvideo.cn:80/3000000010000031669/index.m3u8?channel-id=FifastbLive&Contentid=3000000010000031669&livemode=1&stbId=BingCha
咪视界34,http://gslbserv.itv.cmvideo.cn:80/3000000020000011518/index.m3u8?channel-id=FifastbLive&Contentid=3000000020000011518&livemode=1&stbId=YanG-1989
咪视界34,http://gslbserv.itv.cmvideo.cn:80/3000000020000011518/index.m3u8?channel-id=FifastbLive&Contentid=3000000020000011518&livemode=1&stbId=BingCha
咪视界35,http://gslbserv.itv.cmvideo.cn:80/3000000020000011519/index.m3u8?channel-id=FifastbLive&Contentid=3000000020000011519&livemode=1&stbId=YanG-1989
咪视界35,http://gslbserv.itv.cmvideo.cn:80/3000000020000011519/index.m3u8?channel-id=FifastbLive&Contentid=3000000020000011519&livemode=1&stbId=BingCha
咪视界36,http://gslbserv.itv.cmvideo.cn:80/3000000020000011520/index.m3u8?channel-id=FifastbLive&Contentid=3000000020000011520&livemode=1&stbId=YanG-1989
咪视界36,http://gslbserv.itv.cmvideo.cn:80/3000000020000011520/index.m3u8?channel-id=FifastbLive&Contentid=3000000020000011520&livemode=1&stbId=BingCha
咪视界37,http://gslbserv.itv.cmvideo.cn:80/3000000020000011521/index.m3u8?channel-id=FifastbLive&Contentid=3000000020000011521&livemode=1&stbId=YanG-1989
咪视界37,http://gslbserv.itv.cmvideo.cn:80/3000000020000011521/index.m3u8?channel-id=FifastbLive&Contentid=3000000020000011521&livemode=1&stbId=BingCha
咪视界38,http://gslbserv.itv.cmvideo.cn:80/3000000020000011522/index.m3u8?channel-id=FifastbLive&Contentid=3000000020000011522&livemode=1&stbId=YanG-1989
咪视界38,http://gslbserv.itv.cmvideo.cn:80/3000000020000011522/index.m3u8?channel-id=FifastbLive&Contentid=3000000020000011522&livemode=1&stbId=BingCha
春晚1983,https://alimov2.a.kwimgs.com/upic/2022/01/31/15/BMjAyMjAxMzExNTU5MTRfNDAzMDAxOTlfNjYyNzMxNjcwMjBfMF8z_b_Beb3bda599f76c60c463c433ca7460153.mp4
春晚1984,https://alimov2.a.kwimgs.com/upic/2022/01/31/15/BMjAyMjAxMzExNTU5NTRfNDAzMDAxOTlfNjYyNzMyMzg3MTRfMF8z_b_B192356dadbc90d207ba16964d4c2914c.mp4
春晚1985,https://alimov2.a.kwimgs.com/upic/2022/01/31/16/BMjAyMjAxMzExNjAwMDFfNDAzMDAxOTlfNjYyNzMyNTAwMzJfMF8z_b_Be73c5abcbc0eeb2ec9fce6842e1362a4.mp4
春晚1986,https://alimov2.a.kwimgs.com/upic/2022/01/31/16/BMjAyMjAxMzExNjAwMDRfNDAzMDAxOTlfNjYyNzMyNTU0OTRfMF8z_b_B24f7d19f1132fa5d7f502f8377ad5567.mp4
春晚1987,https://alimov2.a.kwimgs.com/upic/2022/01/31/16/BMjAyMjAxMzExNjAwMDhfNDAzMDAxOTlfNjYyNzMyNjMyMDNfMF8z_b_B570493ed8f7200d4013a66b2d21b2de9.mp4
春晚1987,https://txmov2.a.kwimgs.com/bs3/video-hls/5195746663405928031_hlsb.m3u8
春晚1988,https://alimov2.a.kwimgs.com/upic/2022/01/31/16/BMjAyMjAxMzExNjAwMTJfNDAzMDAxOTlfNjYyNzMyNjkxNjBfMF8z_b_B8c835b83a92d25bde81ba22c5cd9521e.mp4
春晚1988,https://txmov2.a.kwimgs.com/bs3/video-hls/5216575810935394655_hlsb.m3u8
春晚1989,https://alimov2.a.kwimgs.com/upic/2022/01/31/16/BMjAyMjAxMzExNjAwMTVfNDAzMDAxOTlfNjYyNzMyNzQ2OTlfMF8z_b_Be477b27b9ce655d2372df56a5a3d96ef.mp4
春晚1989,https://txmov2.a.kwimgs.com/bs3/video-hls/5194620763762726260_hlsb.m3u8
春晚1990,https://cdn8.yzzy-online.com/20220704/597_e0d90c37/1000k/hls/index.m3u8
春晚1991,https://alimov2.a.kwimgs.com/upic/2022/01/31/16/BMjAyMjAxMzExNjI2MTVfNDAzMDAxOTlfNjYyNzYwNjUxNjVfMF8z_b_B8feb7b85888678d71bf37a259c6850f6.mp4
春晚1992,https://txmov2.a.kwimgs.com/bs3/video-hls/5256826755663896297_hlshd15.m3u8
春晚1993,https://alimov2.a.kwimgs.com/upic/2023/01/13/22/BMjAyMzAxMTMyMjEwMDNfNDAzMDAxOTlfOTM1MTIzMzYwODJfMF8z_b_B647d10e431b4cc5e48e6c77347d69021.mp4
春晚1994,https://alimov2.a.kwimgs.com/upic/2023/01/13/22/BMjAyMzAxMTMyMjEwMDNfNDAzMDAxOTlfOTM1MTIzMzYxMjNfMF8z_b_B3dde97f36273f04403d4dc5eec611a35.mp4
春晚1995,https://alimov2.a.kwimgs.com/upic/2023/01/13/20/BMjAyMzAxMTMyMDA5MjJfNDAzMDAxOTlfOTM0OTkwNDQwNzVfMF8z_b_B811c0dec6b9a3d3074a18522c185010a.mp4
春晚1996,https://alimov2.a.kwimgs.com/upic/2023/01/13/22/BMjAyMzAxMTMyMjEwMDNfNDAzMDAxOTlfOTM1MTIzMzYxNTJfMF8z_b_Bd841eae10ab1c9955ef55fbedfae6c45.mp4
春晚1997,https://txmov2.a.kwimgs.com/bs3/video-hls/5230649583590411879_hlshd15.m3u8
春晚1998,https://txmov2.a.kwimgs.com/bs3/video-hls/5225864507896315430_hlshd15.m3u8
春晚1999,https://alimov2.a.kwimgs.com/upic/2023/01/13/20/BMjAyMzAxMTMyMDA5MjJfNDAzMDAxOTlfOTM0OTkwNDQxNTRfMF8z_b_B0b5e52bc003285ef66ec0cbb2be08556.mp4
春晚2000,https://alimov2.a.kwimgs.com/upic/2023/01/13/21/BMjAyMzAxMTMyMTE4MzRfNDAzMDAxOTlfOTM1MDY4ODIxMTNfMF8z_b_Bdddf4e7ef0ff6cfd477857bb40e78419.mp4
春晚2001,https://alimov2.a.kwimgs.com/upic/2023/01/13/20/BMjAyMzAxMTMyMDA5MjJfNDAzMDAxOTlfOTM0OTkwNDQyMDFfMF8z_b_B70592cb7c4054e9cabb675e849bbf4bd.mp4
春晚2002,https://alimov2.a.kwimgs.com/upic/2023/01/13/21/BMjAyMzAxMTMyMTE4MzRfNDAzMDAxOTlfOTM1MDY4ODIxNDdfMF8z_b_Ba6271d10b7e6cfae83759033a091f257.mp4
春晚2003,https://alimov2.a.kwimgs.com/upic/2023/01/14/23/BMjAyMzAxMTQyMzQxNDdfNDAzMDAxOTlfOTM2MTU0MTk1NDFfMF8z_b_B182749d2cd2ea9323639254af385f24b.mp4
春晚2004,https://alimov2.a.kwimgs.com/upic/2023/01/13/21/BMjAyMzAxMTMyMTE4MzRfNDAzMDAxOTlfOTM1MDY4ODIxOTVfMF8z_b_B86c4430b82ff5a7f4e8132f6ee558536.mp4
春晚2005,https://alimov2.a.kwimgs.com/upic/2023/01/13/20/BMjAyMzAxMTMyMDA5MjJfNDAzMDAxOTlfOTM0OTkwNDQyMzhfMF8z_b_B35ad7cc86aec8fc9e5ddfb31fc7bed63.mp4
春晚2006,https://alimov2.a.kwimgs.com/upic/2023/01/13/20/BMjAyMzAxMTMyMDA5MjJfNDAzMDAxOTlfOTM0OTkwNDQyNzlfMF8z_b_Bbc3703fc331dc994c50859c19aad28ff.mp4
春晚2007,https://alimov2.a.kwimgs.com/upic/2023/01/13/20/BMjAyMzAxMTMyMDA5MjJfNDAzMDAxOTlfOTM0OTkwNDQzMjNfMF8z_b_B00b069c7899976459ceeaa99353dfefe.mp4
春晚2008,https://alimov2.a.kwimgs.com/upic/2023/01/13/20/BMjAyMzAxMTMyMDA5MjJfNDAzMDAxOTlfOTM0OTkwNDQzNTNfMF8z_b_Bd7346962e61bd7b84e11a1fa6e4616f9.mp4
春晚2008,https://txmov2.a.kwimgs.com/bs3/video-hls/5210946337266019890_hlshd15.m3u8
春晚2009,https://alimov2.a.kwimgs.com/upic/2023/01/13/20/BMjAyMzAxMTMyMDA5MjJfNDAzMDAxOTlfOTM0OTkwNDQzOTBfMF8z_b_B29a36a85e0277f6c2a1f033ef7c10708.mp4
春晚2010,https://alimov2.a.kwimgs.com/upic/2023/01/13/20/BMjAyMzAxMTMyMDA5MjJfNDAzMDAxOTlfOTM0OTkwNDQ0MjlfMF8z_b_B8818807a00eed329a69fb494f405bd43.mp4
春晚2011,https://alimov2.a.kwimgs.com/upic/2023/01/16/11/BMjAyMzAxMTYxMTA3MjFfNDAzMDAxOTlfOTM3MjcyMjA3ODhfMF8z_b_B8214200efc869dc6fcf99dad619fa4c1.mp4
春晚2011,https://txmov2.a.kwimgs.com/bs3/video-hls/5243597434070590481_hlshd15.m3u8
春晚2012,https://cdn8.yzzy-online.com/20220704/591_82b72f82/1000k/hls/index.m3u8
春晚2013,https://alimov2.a.kwimgs.com/upic/2023/01/13/20/BMjAyMzAxMTMyMDA5MjJfNDAzMDAxOTlfOTM0OTkwNDQ1NjNfMF8z_b_B4fea55408dca4471a68a963ae096be59.mp4
春晚2014,https://alimov2.a.kwimgs.com/upic/2023/01/06/16/BMjAyMzAxMDYxNjMxMTNfNDAzMDAxOTlfOTI4OTY2ODAzNjlfMF8z_b_Bdee65c77f9e7b2120a185c919dad81d2.mp4
春晚2015,https://alimov2.a.kwimgs.com/upic/2023/01/13/20/BMjAyMzAxMTMyMDA5MjJfNDAzMDAxOTlfOTM0OTkwNDQ2MTZfMF8z_b_B4851f43f5a2bc2871a9b0ec87294a6e7.mp4
春晚2016,https://cdn8.yzzy-online.com/20220704/577_cda9c8d1/1000k/hls/index.m3u8
春晚2017,https://alimov2.a.kwimgs.com/upic/2023/01/13/20/BMjAyMzAxMTMyMDA5MjJfNDAzMDAxOTlfOTM0OTkwNDQ2NDhfMF8z_b_B6527b0c2ce3dda1d9b3f34edd4fdb9aa.mp4
春晚2018,https://alimov2.a.kwimgs.com/upic/2023/01/06/16/BMjAyMzAxMDYxNjMxMTRfNDAzMDAxOTlfOTI4OTY2ODE2MTBfMF8z_b_B11a778e34390a21de42d407e94f45b91.mp4
春晚2019,https://alimov2.a.kwimgs.com/upic/2023/01/06/16/BMjAyMzAxMDYxNjMxMTRfNDAzMDAxOTlfOTI4OTY2ODE2MTBfMF8z_b_B11a778e34390a21de42d407e94f45b91.mp4
春晚2020,https://alimov2.a.kwimgs.com/upic/2022/01/30/17/BMjAyMjAxMzAxNzA5NDdfNDAzMDAxOTlfNjYxNzQ2MDAyMTFfMF8z_b_B5d51d9564c5670dc66faeba20aa7af3f.mp4
春晚2021,https://alimov2.a.kwimgs.com/upic/2022/01/30/17/BMjAyMjAxMzAxNzE4NTJfNDAzMDAxOTlfNjYxNzUzOTg3NjlfMF8z_b_Be41d9503181d7b0608a839ed401e02c2.mp4
春晚2022,https://alimov2.a.kwimgs.com/upic/2022/02/01/11/BMjAyMjAyMDExMTEwMjNfNDAzMDAxOTlfNjYzNzA4MTk4NzNfMF8z_b_B898cc7ddd0025bf54ddb18ec1f723c84.mp4
春晚2023,https://txmov2.a.kwimgs.com/bs3/video-hls/5251197255879398624_hlshd15.m3u8
春晚2024,https://p2.bdstatic.com/rtmp.liveshow.lss-user.baidubce.com/live/stream_bduid_6488563992_8982723413/merged_1707497046297_88536_25144_41936.m3u8
春晚2025,https://res.cctvnews.cctv.com/video/3005/record/cctv/merge1/133396667284143308839013005/8fbd6180bdef4da19f6155cf6b4652e1-4.m3u8
春晚2025,https://svip.high24-playback.com/20250129/17159_7bca93c4/2000k/hls/mixed.m3u8
春晚2025,https://svipsvip.ffzyread1.com/20250129/35458_c988286f/index.m3u8
轮播1,http://63.141.230.178:82/gslb/zbdq5.m3u8?id=lbcl
周润发,http://63.141.230.178:82/gslb/zbdq5.m3u8?id=lbzrf
周星驰1,http://63.141.230.178:82/gslb/zbdq5.m3u8?id=lbzxc
周星驰2,http://63.141.230.178:82/gslb/zbdq5.m3u8?id=hyzxc
林正英,http://63.141.230.178:82/gslb/zbdq5.m3u8?id=hylzy
陈翔六点半,http://63.141.230.178:82/gslb/zbdq5.m3u8?id=hycxldb
邵氏1,http://63.141.230.178:82/gslb/zbdq5.m3u8?id=lbsswx
邵氏2,http://63.141.230.178:82/gslb/zbdq5.m3u8?id=lbssdz
邵氏3,http://63.141.230.178:82/gslb/zbdq5.m3u8?id=lbssxj
